codmuni,department,municipality
91263,AMAZONAS,EL ENCANTO
91405,AMAZONAS,LA CHORRERA
91407,AMAZONAS,LA PEDRERA
91430,AMAZONAS,LA VICTORIA
91001,AMAZONAS,LETICIA
91460,AMAZONAS,MIRITI PARANA
91530,AMAZONAS,PUERTO ALEGRIA
91536,AMAZONAS,PUERTO ARICA
91540,AMAZONAS,PUERTO NARINO
91669,AMAZONAS,PUERTO SANTANDER
91798,AMAZONAS,TARAPACA
5002,ANTIOQUIA,ABEJORRAL
5004,ANTIOQUIA,ABRIAQUI
5021,ANTIOQUIA,ALEJANDRIA
5030,ANTIOQUIA,AMAGA
5031,ANTIOQUIA,AMALFI
5034,ANTIOQUIA,ANDES
5036,ANTIOQUIA,ANGELOPOLIS
5038,ANTIOQUIA,ANGOSTURA
5040,ANTIOQUIA,ANORI
5042,ANTIOQUIA,ANTIOQUIA
5044,ANTIOQUIA,ANZA
5045,ANTIOQUIA,APARTADO
5051,ANTIOQUIA,ARBOLETES
5055,ANTIOQUIA,ARGELIA
5059,ANTIOQUIA,ARMENIA
5079,ANTIOQUIA,BARBOSA
5088,ANTIOQUIA,BELLO
5086,ANTIOQUIA,BELMIRA
5091,ANTIOQUIA,BETANIA
5093,ANTIOQUIA,BETULIA
5107,ANTIOQUIA,BRICENO
5113,ANTIOQUIA,BURITICA
5120,ANTIOQUIA,CACERES
5125,ANTIOQUIA,CAICEDO
5129,ANTIOQUIA,CALDAS
5134,ANTIOQUIA,CAMPAMENTO
5138,ANTIOQUIA,CANASGORDAS
5142,ANTIOQUIA,CARACOLI
5145,ANTIOQUIA,CARAMANTA
5147,ANTIOQUIA,CAREPA
5148,ANTIOQUIA,CARMEN DE VIBORAL
5150,ANTIOQUIA,CAROLINA
5154,ANTIOQUIA,CAUCASIA
5172,ANTIOQUIA,CHIGORODO
5190,ANTIOQUIA,CISNEROS
5101,ANTIOQUIA,CIUDAD BOLIVAR
5197,ANTIOQUIA,COCORNA
5206,ANTIOQUIA,CONCEPCION
5209,ANTIOQUIA,CONCORDIA
5212,ANTIOQUIA,COPACABANA
5234,ANTIOQUIA,DABEIBA
5237,ANTIOQUIA,DONMATIAS
5240,ANTIOQUIA,EBEJICO
5250,ANTIOQUIA,EL BAGRE
5264,ANTIOQUIA,ENTRERRIOS
5266,ANTIOQUIA,ENVIGADO
5282,ANTIOQUIA,FREDONIA
5284,ANTIOQUIA,FRONTINO
5306,ANTIOQUIA,GIRALDO
5308,ANTIOQUIA,GIRARDOTA
5310,ANTIOQUIA,GOMEZ PLATA
5313,ANTIOQUIA,GRANADA
5315,ANTIOQUIA,GUADALUPE
5318,ANTIOQUIA,GUARNE
5321,ANTIOQUIA,GUATAPE
5347,ANTIOQUIA,HELICONIA
5353,ANTIOQUIA,HISPANIA
5360,ANTIOQUIA,ITAGUI
5361,ANTIOQUIA,ITUANGO
5364,ANTIOQUIA,JARDIN
5368,ANTIOQUIA,JERICO
5376,ANTIOQUIA,LA CEJA
5380,ANTIOQUIA,LA ESTRELLA
5390,ANTIOQUIA,LA PINTADA
5400,ANTIOQUIA,LA UNION
5411,ANTIOQUIA,LIBORINA
5425,ANTIOQUIA,MACEO
5440,ANTIOQUIA,MARINILLA
5001,ANTIOQUIA,MEDELLIN
5467,ANTIOQUIA,MONTEBELLO
5475,ANTIOQUIA,MURINDO
5480,ANTIOQUIA,MUTATA
5483,ANTIOQUIA,NARINO
5495,ANTIOQUIA,NECHI
5490,ANTIOQUIA,NECOCLI
5501,ANTIOQUIA,OLAYA
5541,ANTIOQUIA,PENOL
5543,ANTIOQUIA,PEQUE
5576,ANTIOQUIA,PUEBLORRICO
5579,ANTIOQUIA,PUERTO BERRIO
5585,ANTIOQUIA,PUERTO NARE
5591,ANTIOQUIA,PUERTO TRIUNFO
5604,ANTIOQUIA,REMEDIOS
5607,ANTIOQUIA,RETIRO
5615,ANTIOQUIA,RIONEGRO
5628,ANTIOQUIA,SABANALARGA
5631,ANTIOQUIA,SABANETA
5642,ANTIOQUIA,SALGAR
5647,ANTIOQUIA,SAN ANDRES DE CUERQUIA
5649,ANTIOQUIA,SAN CARLOS
5652,ANTIOQUIA,SAN FRANCISCO
5656,ANTIOQUIA,SAN JERONIMO
5658,ANTIOQUIA,SAN JOSE DE LA MONTANA
5659,ANTIOQUIA,SAN JUAN DE URABA
5660,ANTIOQUIA,SAN LUIS
5664,ANTIOQUIA,SAN PEDRO
5665,ANTIOQUIA,SAN PEDRO DE URABA
5667,ANTIOQUIA,SAN RAFAEL
5670,ANTIOQUIA,SAN ROQUE
5674,ANTIOQUIA,SAN VICENTE
5679,ANTIOQUIA,SANTA BARBARA
5686,ANTIOQUIA,SANTA ROSA DE OSOS
5690,ANTIOQUIA,SANTO DOMINGO
5697,ANTIOQUIA,SANTUARIO
5736,ANTIOQUIA,SEGOVIA
5756,ANTIOQUIA,SONSON
5761,ANTIOQUIA,SOPETRAN
5789,ANTIOQUIA,TAMESIS
5790,ANTIOQUIA,TARAZA
5792,ANTIOQUIA,TARSO
5809,ANTIOQUIA,TITIRIBI
5819,ANTIOQUIA,TOLEDO
5837,ANTIOQUIA,TURBO
5842,ANTIOQUIA,URAMITA
5847,ANTIOQUIA,URRAO
5854,ANTIOQUIA,VALDIVIA
5856,ANTIOQUIA,VALPARAISO
5858,ANTIOQUIA,VEGACHI
5861,ANTIOQUIA,VENECIA
5873,ANTIOQUIA,VIGIA DEL FUERTE
5885,ANTIOQUIA,YALI
5887,ANTIOQUIA,YARUMAL
5890,ANTIOQUIA,YOLOMBO
5893,ANTIOQUIA,YONDO-CASABE
5895,ANTIOQUIA,ZARAGOZA
81001,ARAUCA,ARAUCA
81065,ARAUCA,ARAUQUITA
81220,ARAUCA,CRAVO NORTE
81300,ARAUCA,FORTUL
81591,ARAUCA,PUERTO RONDON
81736,ARAUCA,SARAVENA
81794,ARAUCA,TAME
88001,"ARCHIPIELAGO DE SAN ANDRES, PROVIDENCIA Y SANTA CATALINA",SAN ANDRES
8078,ATLANTICO,BARANOA
8001,ATLANTICO,BARRANQUILLA
8137,ATLANTICO,CAMPO DE LA CRUZ
8141,ATLANTICO,CANDELARIA
8296,ATLANTICO,GALAPA
8372,ATLANTICO,JUAN DE ACOSTA
8421,ATLANTICO,LURUACO
8433,ATLANTICO,MALAMBO
8436,ATLANTICO,MANATI
8520,ATLANTICO,PALMAR DE VARELA
8549,ATLANTICO,PIOJO
8558,ATLANTICO,POLONUEVO
8560,ATLANTICO,PONEDERA
8573,ATLANTICO,PUERTO COLOMBIA
8606,ATLANTICO,REPELON
8634,ATLANTICO,SABANAGRANDE
8638,ATLANTICO,SABANALARGA
8675,ATLANTICO,SANTA LUCIA
8685,ATLANTICO,SANTO TOMAS
8758,ATLANTICO,SOLEDAD
8770,ATLANTICO,SUAN
8832,ATLANTICO,TUBARA
8849,ATLANTICO,USIACURI
11001,BOGOTA,"BOGOTA, D.C."
13006,BOLIVAR,ACHI
13030,BOLIVAR,ALTOS DEL ROSARIO
13042,BOLIVAR,ARENAL
13052,BOLIVAR,ARJONA
13062,BOLIVAR,ARROYO HONDO
13074,BOLIVAR,BARRANCO DE LOBA
13140,BOLIVAR,CALAMAR
13160,BOLIVAR,CANTAGALLO
13001,BOLIVAR,CARTAGENA
13188,BOLIVAR,CICUCO
13222,BOLIVAR,CLEMENCIA
13212,BOLIVAR,CORDOBA
13244,BOLIVAR,EL CARMEN DE BOLIVAR
13248,BOLIVAR,EL GUAMO
13268,BOLIVAR,EL PENON
13300,BOLIVAR,HATILLO DE LOBA
13430,BOLIVAR,MAGANGUE
13433,BOLIVAR,MAHATES
13440,BOLIVAR,MARGARITA
13442,BOLIVAR,MARIA LA BAJA
13468,BOLIVAR,MOMPOS
13458,BOLIVAR,MONTECRISTO
13473,BOLIVAR,MORALES
13490,BOLIVAR,NOROSI
13549,BOLIVAR,PINILLOS
13580,BOLIVAR,REGIDOR
13600,BOLIVAR,RIOVIEJO
13620,BOLIVAR,SAN CRISTOBAL
13647,BOLIVAR,SAN ESTANISLAO
13650,BOLIVAR,SAN FERNANDO
13654,BOLIVAR,SAN JACINTO
13655,BOLIVAR,SAN JACINTO DEL CAUCA
13657,BOLIVAR,SAN JUAN NEPOMUCENO
13667,BOLIVAR,SAN MARTIN DE LOBA
13670,BOLIVAR,SAN PABLO
13673,BOLIVAR,SANTA CATALINA
13683,BOLIVAR,SANTA ROSA
13688,BOLIVAR,SANTA ROSA DEL SUR
13744,BOLIVAR,SIMITI
13760,BOLIVAR,SOPLAVIENTO
13780,BOLIVAR,TALAIGUA NUEVO
13810,BOLIVAR,TIQUISIO (PTO. RICO)
13836,BOLIVAR,TURBACO
13838,BOLIVAR,TURBANA
13873,BOLIVAR,VILLANUEVA
13894,BOLIVAR,ZAMBRANO
15022,BOYACA,ALMEIDA
15047,BOYACA,AQUITANIA (PUEBLOVIEJO)
15051,BOYACA,ARCABUCO
15087,BOYACA,BELEN
15090,BOYACA,BERBEO
15092,BOYACA,BETEITIVA
15097,BOYACA,BOAVITA
15104,BOYACA,BOYACA
15106,BOYACA,BRICENO
15109,BOYACA,BUENAVISTA
15114,BOYACA,BUSBANZA
15131,BOYACA,CALDAS
15135,BOYACA,CAMPOHERMOSO
15162,BOYACA,CERINZA
15172,BOYACA,CHINAVITA
15176,BOYACA,CHIQUINQUIRA
15232,BOYACA,CHIQUIZA
15180,BOYACA,CHISCAS
15183,BOYACA,CHITA
15185,BOYACA,CHITARAQUE
15187,BOYACA,CHIVATA
15236,BOYACA,CHIVOR
15189,BOYACA,CIENEGA
15204,BOYACA,COMBITA
15212,BOYACA,COPER
15215,BOYACA,CORRALES
15218,BOYACA,COVARACHIA
15223,BOYACA,CUBARA
15224,BOYACA,CUCAITA
15226,BOYACA,CUITIVA
15238,BOYACA,DUITAMA
15244,BOYACA,EL COCUY
15248,BOYACA,EL ESPINO
15272,BOYACA,FIRAVITOBA
15276,BOYACA,FLORESTA
15293,BOYACA,GACHANTIVA
15296,BOYACA,GAMEZA
15299,BOYACA,GARAGOA
15317,BOYACA,GUACAMAYAS
15322,BOYACA,GUATEQUE
15325,BOYACA,GUAYATA
15332,BOYACA,GUICAN
15362,BOYACA,IZA
15367,BOYACA,JENESANO
15368,BOYACA,JERICO
15380,BOYACA,LA CAPILLA
15403,BOYACA,LA UVITA
15401,BOYACA,LA VICTORIA
15377,BOYACA,LABRANZAGRANDE
15425,BOYACA,MACANAL
15442,BOYACA,MARIPI
15455,BOYACA,MIRAFLORES
15464,BOYACA,MONGUA
15466,BOYACA,MONGUI
15469,BOYACA,MONIQUIRA
15476,BOYACA,MOTAVITA
15480,BOYACA,MUZO
15491,BOYACA,NOBSA
15494,BOYACA,NUEVO COLON
15500,BOYACA,OICATA
15507,BOYACA,OTANCHE
15511,BOYACA,PACHAVITA
15514,BOYACA,PAEZ (BELALCAZAR)
15516,BOYACA,PAIPA
15518,BOYACA,PAJARITO
15522,BOYACA,PANQUEBA
15531,BOYACA,PAUNA
15533,BOYACA,PAYA
15537,BOYACA,PAZ DE RIO
15542,BOYACA,PESCA
15550,BOYACA,PISBA
15572,BOYACA,PUERTO BOYACA
15580,BOYACA,QUIPAMA
15599,BOYACA,RAMIRIQUI
15600,BOYACA,RAQUIRA
15621,BOYACA,RONDON
15632,BOYACA,SABOYA
15638,BOYACA,SACHICA
15646,BOYACA,SAMACA
15660,BOYACA,SAN EDUARDO
15664,BOYACA,SAN JOSE DE PARE
15667,BOYACA,SAN LUIS DE GACENO
15673,BOYACA,SAN MATEO
15676,BOYACA,SAN MIGUEL DE SEMA
15681,BOYACA,SAN PABLO DE BORBUR
15690,BOYACA,SANTA MARIA
15693,BOYACA,SANTA ROSA DE VITERBO
15696,BOYACA,SANTA SOFIA
15686,BOYACA,SANTANA
15720,BOYACA,SATIVANORTE
15723,BOYACA,SATIVASUR
15740,BOYACA,SIACHOQUE
15753,BOYACA,SOATA
15757,BOYACA,SOCHA
15755,BOYACA,SOCOTA
15759,BOYACA,SOGAMOSO
15761,BOYACA,SOMONDOCO
15762,BOYACA,SORA
15764,BOYACA,SORACA
15763,BOYACA,SOTAQUIRA
15774,BOYACA,SUSACON
15776,BOYACA,SUTAMARCHAN
15778,BOYACA,SUTATENZA
15790,BOYACA,TASCO
15798,BOYACA,TENZA
15804,BOYACA,TIBANA
15806,BOYACA,TIBASOSA
15808,BOYACA,TINJACA
15810,BOYACA,TIPACOQUE
15814,BOYACA,TOCA
15816,BOYACA,TOGUI
15820,BOYACA,TOPAGA
15822,BOYACA,TOTA
15001,BOYACA,TUNJA
15832,BOYACA,TUNUNGUA
15835,BOYACA,TURMEQUE
15837,BOYACA,TUTA
15839,BOYACA,TUTAZA
15842,BOYACA,UMBITA
15861,BOYACA,VENTAQUEMADA
15407,BOYACA,VILLA DE LEIVA
15879,BOYACA,VIRACACHA
15897,BOYACA,ZETAQUIRA
17013,CALDAS,AGUADAS
17042,CALDAS,ANSERMA
17050,CALDAS,ARANZAZU
17088,CALDAS,BELALCAZAR
17174,CALDAS,CHINCHINA
17272,CALDAS,FILADELFIA
17380,CALDAS,LA DORADA
17388,CALDAS,LA MERCED
17001,CALDAS,MANIZALES
17433,CALDAS,MANZANARES
17442,CALDAS,MARMATO
17444,CALDAS,MARQUETALIA
17446,CALDAS,MARULANDA
17486,CALDAS,NEIRA
17495,CALDAS,NORCASIA
17513,CALDAS,PACORA
17524,CALDAS,PALESTINA
17541,CALDAS,PENSILVANIA
17614,CALDAS,RIOSUCIO
17616,CALDAS,RISARALDA
17653,CALDAS,SALAMINA
17662,CALDAS,SAMANA
17665,CALDAS,SAN JOSE
17777,CALDAS,SUPIA
17867,CALDAS,VICTORIA
17873,CALDAS,VILLAMARIA
17877,CALDAS,VITERBO
18029,CAQUETA,ALBANIA
18094,CAQUETA,BELEN DE LOS ANDAQUIES
18150,CAQUETA,CARTAGENA DEL CHAIRA
18205,CAQUETA,CURILLO
18247,CAQUETA,EL DONCELLO
18256,CAQUETA,EL PAUJIL
18001,CAQUETA,FLORENCIA
18410,CAQUETA,LA MONTANITA
18460,CAQUETA,MILAN
18479,CAQUETA,MORELIA
18592,CAQUETA,PUERTO RICO
18610,CAQUETA,SAN JOSE DEL FRAGUA
18753,CAQUETA,SAN VICENTE DEL CAGUAN
18756,CAQUETA,SOLANO
18785,CAQUETA,SOLITA
18860,CAQUETA,VALPARAISO
85010,CASANARE,AGUAZUL
85015,CASANARE,CHAMEZA
85125,CASANARE,HATO COROZAL
85136,CASANARE,LA SALINA
85139,CASANARE,MANI
85162,CASANARE,MONTERREY
85225,CASANARE,NUNCHIA
85230,CASANARE,OROCUE
85250,CASANARE,PAZ DE ARIPORO (MORENO)
85263,CASANARE,PORE
85279,CASANARE,RECETOR
85300,CASANARE,SABANALARGA
85315,CASANARE,SACAMA
85325,CASANARE,SAN LUIS DE PALENQUE
85400,CASANARE,TAMARA
85410,CASANARE,TAURAMENA
85430,CASANARE,TRINIDAD
85440,CASANARE,VILLANUEVA
85001,CASANARE,YOPAL
19022,CAUCA,ALMAGUER
19050,CAUCA,ARGELIA
19075,CAUCA,BALBOA
19100,CAUCA,BOLIVAR
19110,CAUCA,BUENOS AIRES
19130,CAUCA,CAJIBIO
19137,CAUCA,CALDONO
19142,CAUCA,CALOTO
19212,CAUCA,CORINTO
19256,CAUCA,EL TAMBO
19290,CAUCA,FLORENCIA
19300,CAUCA,GUACHENE
19318,CAUCA,GUAPI
19355,CAUCA,INZA
19364,CAUCA,JAMBALO
19392,CAUCA,LA SIERRA
19397,CAUCA,LA VEGA
19418,CAUCA,LOPEZ (MICAY)
19450,CAUCA,MERCADERES
19455,CAUCA,MIRANDA
19473,CAUCA,MORALES
19513,CAUCA,PADILLA
19517,CAUCA,PAEZ (BELALCAZAR)
19532,CAUCA,PATIA (EL BORDO)
19533,CAUCA,PIAMONTE
19548,CAUCA,PIENDAMO
19001,CAUCA,POPAYAN
19573,CAUCA,PUERTO TEJADA
19585,CAUCA,PURACE
19622,CAUCA,ROSAS
19693,CAUCA,SAN SEBASTIAN
19701,CAUCA,SANTA ROSA
19698,CAUCA,SANTANDER DE QUILICHAO
19743,CAUCA,SILVIA
19760,CAUCA,SOTARA (PAISPAMBA)
19780,CAUCA,SUAREZ
19785,CAUCA,SUCRE
19807,CAUCA,TIMBIO
19809,CAUCA,TIMBIQUI
19821,CAUCA,TORIBIO
19824,CAUCA,TOTORO
19845,CAUCA,VILLA RICA
20011,CESAR,AGUACHICA
20013,CESAR,AGUSTIN CODAZZI
20032,CESAR,ASTREA
20045,CESAR,BECERRIL
20060,CESAR,BOSCONIA
20175,CESAR,CHIMICHAGUA
20178,CESAR,CHIRIGUANA
20228,CESAR,CURUMANI
20238,CESAR,EL COPEY
20250,CESAR,EL PASO
20295,CESAR,GAMARRA
20310,CESAR,GONZALEZ
20383,CESAR,LA GLORIA
20400,CESAR,LA JAGUA DE IBIRICO
20621,CESAR,LA PAZ
20443,CESAR,MANAURE BALCON DEL CESAR (MANA
20517,CESAR,PAILITAS
20550,CESAR,PELAYA
20570,CESAR,PUEBLO BELLO
20614,CESAR,RIO DE ORO
20710,CESAR,SAN ALBERTO
20750,CESAR,SAN DIEGO
20770,CESAR,SAN MARTIN DE LOS LLANOS
20787,CESAR,TAMALAMEQUE
20001,CESAR,VALLEDUPAR
27006,CHOCO,ACANDI
27025,CHOCO,ALTO BAUDO (PIE DE PATO)
27050,CHOCO,ATRATO (YUTO)
27073,CHOCO,BAGADO
27075,CHOCO,BAHIA SOLANO (MUTIS)
27077,CHOCO,BAJO BAUDO (PIZARRO)
27099,CHOCO,BOJAYA (BELLAVISTA)
27150,CHOCO,CARMEN DEL DARIEN
27160,CHOCO,CERTEGUI
27205,CHOCO,CONDOTO
27135,CHOCO,EL CANTON DEL SAN PABLO (MAN.
27245,CHOCO,EL CARMEN DE ATRATO
27250,CHOCO,EL LITORAL DEL SAN JUAN
27361,CHOCO,ISTMINA
27372,CHOCO,JURADO
27413,CHOCO,LLORO
27425,CHOCO,MEDIO ATRATO
27430,CHOCO,MEDIO BAUDO (PUERTO MELUK)
27450,CHOCO,MEDIO SAN JUAN
27491,CHOCO,NOVITA
27495,CHOCO,NUQUI
27001,CHOCO,QUIBDO
27580,CHOCO,RIO IRO
27600,CHOCO,RIO QUITO (PAIMADO)
27615,CHOCO,RIOSUCIO
27660,CHOCO,SAN JOSE DEL PALMAR
27745,CHOCO,SIPI
27787,CHOCO,TADO
27800,CHOCO,UNGUIA
27810,CHOCO,UNION PANAMERICANA (LAS ANIMAS
23068,CORDOBA,AYAPEL
23079,CORDOBA,BUENAVISTA
23090,CORDOBA,CANALETE
23162,CORDOBA,CERETE
23168,CORDOBA,CHIMA
23182,CORDOBA,CHINU
23189,CORDOBA,CIENAGA DE ORO
23300,CORDOBA,COTORRA (BONGO)
23350,CORDOBA,LA APARTADA (FRONTERA)
23417,CORDOBA,LORICA
23419,CORDOBA,LOS CORDOBAS
23464,CORDOBA,MOMIL
23500,CORDOBA,MONITOS
23466,CORDOBA,MONTELIBANO
23001,CORDOBA,MONTERIA
23555,CORDOBA,PLANETA RICA
23570,CORDOBA,PUEBLO NUEVO
23574,CORDOBA,PUERTO ESCONDIDO
23580,CORDOBA,PUERTO LIBERTADOR
23586,CORDOBA,PURISIMA DE LA CONCEPCION
23660,CORDOBA,SAHAGUN
23670,CORDOBA,SAN ANDRES DE SOTAVENTO
23672,CORDOBA,SAN ANTERO
23675,CORDOBA,SAN BERNARDO DEL VIENTO
23678,CORDOBA,SAN CARLOS
23682,CORDOBA,SAN JOSE DE URE
23686,CORDOBA,SAN PELAYO
23807,CORDOBA,TIERRALTA
23815,CORDOBA,TUCHIN
23855,CORDOBA,VALENCIA
25001,CUNDINAMARCA,AGUA DE DIOS
25019,CUNDINAMARCA,ALBAN (SAN JOSE)
25035,CUNDINAMARCA,ANAPOIMA
25040,CUNDINAMARCA,ANOLAIMA
25599,CUNDINAMARCA,APULO
25053,CUNDINAMARCA,ARBELAEZ
25086,CUNDINAMARCA,BELTRAN
25095,CUNDINAMARCA,BITUIMA
25099,CUNDINAMARCA,BOJACA
25120,CUNDINAMARCA,CABRERA
25123,CUNDINAMARCA,CACHIPAY
25126,CUNDINAMARCA,CAJICA
25148,CUNDINAMARCA,CAPARRAPI
25151,CUNDINAMARCA,CAQUEZA
25154,CUNDINAMARCA,CARMEN DE CARUPA
25168,CUNDINAMARCA,CHAGUANI
25175,CUNDINAMARCA,CHIA
25178,CUNDINAMARCA,CHIPAQUE
25181,CUNDINAMARCA,CHOACHI
25183,CUNDINAMARCA,CHOCONTA
25200,CUNDINAMARCA,COGUA
25214,CUNDINAMARCA,COTA
25224,CUNDINAMARCA,CUCUNUBA
25245,CUNDINAMARCA,EL COLEGIO
25258,CUNDINAMARCA,EL PENON
25260,CUNDINAMARCA,EL ROSAL
25269,CUNDINAMARCA,FACATATIVA
25279,CUNDINAMARCA,FOMEQUE
25281,CUNDINAMARCA,FOSCA
25286,CUNDINAMARCA,FUNZA
25288,CUNDINAMARCA,FUQUENE
25290,CUNDINAMARCA,FUSAGASUGA
25293,CUNDINAMARCA,GACHALA
25295,CUNDINAMARCA,GACHANCIPA
25297,CUNDINAMARCA,GACHETA
25299,CUNDINAMARCA,GAMA
25307,CUNDINAMARCA,GIRARDOT
25312,CUNDINAMARCA,GRANADA
25317,CUNDINAMARCA,GUACHETA
25320,CUNDINAMARCA,GUADUAS
25322,CUNDINAMARCA,GUASCA
25324,CUNDINAMARCA,GUATAQUI
25326,CUNDINAMARCA,GUATAVITA
25328,CUNDINAMARCA,GUAYABAL DE SIQUIMA
25335,CUNDINAMARCA,GUAYABETAL
25339,CUNDINAMARCA,GUTIERREZ
25368,CUNDINAMARCA,JERUSALEN
25372,CUNDINAMARCA,JUNIN
25377,CUNDINAMARCA,LA CALERA
25386,CUNDINAMARCA,LA MESA
25394,CUNDINAMARCA,LA PALMA
25398,CUNDINAMARCA,LA PENA
25402,CUNDINAMARCA,LA VEGA
25407,CUNDINAMARCA,LENGUAZAQUE
25426,CUNDINAMARCA,MACHETA
25430,CUNDINAMARCA,MADRID
25436,CUNDINAMARCA,MANTA
25438,CUNDINAMARCA,MEDINA
25473,CUNDINAMARCA,MOSQUERA
25483,CUNDINAMARCA,NARINO
25486,CUNDINAMARCA,NEMOCON
25488,CUNDINAMARCA,NILO
25489,CUNDINAMARCA,NIMAIMA
25491,CUNDINAMARCA,NOCAIMA
25513,CUNDINAMARCA,PACHO
25518,CUNDINAMARCA,PAIME
25524,CUNDINAMARCA,PANDI
25530,CUNDINAMARCA,PARATEBUENO (LA NAGUAYA)
25535,CUNDINAMARCA,PASCA
25572,CUNDINAMARCA,PUERTO SALGAR
25580,CUNDINAMARCA,PULI
25592,CUNDINAMARCA,QUEBRADANEGRA
25594,CUNDINAMARCA,QUETAME
25596,CUNDINAMARCA,QUIPILE
25612,CUNDINAMARCA,RICAURTE
25645,CUNDINAMARCA,SAN ANTONIO DEL TEQUENDAMA
25649,CUNDINAMARCA,SAN BERNARDO
25653,CUNDINAMARCA,SAN CAYETANO
25658,CUNDINAMARCA,SAN FRANCISCO
25662,CUNDINAMARCA,SAN JUAN DE RIOSECO
25718,CUNDINAMARCA,SASAIMA
25736,CUNDINAMARCA,SESQUILE
25740,CUNDINAMARCA,SIBATE
25743,CUNDINAMARCA,SILVANIA
25745,CUNDINAMARCA,SIMIJACA
25754,CUNDINAMARCA,SOACHA
25758,CUNDINAMARCA,SOPO
25769,CUNDINAMARCA,SUBACHOQUE
25772,CUNDINAMARCA,SUESCA
25777,CUNDINAMARCA,SUPATA
25779,CUNDINAMARCA,SUSA
25781,CUNDINAMARCA,SUTATAUSA
25785,CUNDINAMARCA,TABIO
25793,CUNDINAMARCA,TAUSA
25797,CUNDINAMARCA,TENA
25799,CUNDINAMARCA,TENJO
25805,CUNDINAMARCA,TIBACUY
25807,CUNDINAMARCA,TIBIRITA
25815,CUNDINAMARCA,TOCAIMA
25817,CUNDINAMARCA,TOCANCIPA
25823,CUNDINAMARCA,TOPAIPI
25839,CUNDINAMARCA,UBALA
25841,CUNDINAMARCA,UBAQUE
25843,CUNDINAMARCA,UBATE
25845,CUNDINAMARCA,UNE
25851,CUNDINAMARCA,UTICA
25506,CUNDINAMARCA,VENECIA
25862,CUNDINAMARCA,VERGARA
25867,CUNDINAMARCA,VIANI
25871,CUNDINAMARCA,VILLAGOMEZ
25873,CUNDINAMARCA,VILLAPINZON
25875,CUNDINAMARCA,VILLETA
25878,CUNDINAMARCA,VIOTA
25885,CUNDINAMARCA,YACOPI
25898,CUNDINAMARCA,ZIPACON
25899,CUNDINAMARCA,ZIPAQUIRA
94343,GUAINIA,BARRANCO MINAS
94886,GUAINIA,CACAHUAL
94001,GUAINIA,INIRIDA
94885,GUAINIA,LA GUADALUPE
94663,GUAINIA,MAPIRIPANA
94888,GUAINIA,MORICHAL (MORICHAL NUEVO)
94887,GUAINIA,PANA PANA (CAMPO ALEGRE)
94884,GUAINIA,PUERTO COLOMBIA
94883,GUAINIA,SAN FELIPE
95015,GUAVIARE,CALAMAR
95025,GUAVIARE,EL RETORNO
95200,GUAVIARE,MIRAFLORES
95001,GUAVIARE,SAN JOSE DEL GUAVIARE
41006,HUILA,ACEVEDO
41013,HUILA,AGRADO
41016,HUILA,AIPE
41020,HUILA,ALGECIRAS
41026,HUILA,ALTAMIRA
41078,HUILA,BARAYA
41132,HUILA,CAMPOALEGRE
41206,HUILA,COLOMBIA
41244,HUILA,ELIAS
41298,HUILA,GARZON
41306,HUILA,GIGANTE
41319,HUILA,GUADALUPE
41349,HUILA,HOBO
41357,HUILA,IQUIRA
41359,HUILA,ISNOS
41378,HUILA,LA ARGENTINA (PLATA VIEJA)
41396,HUILA,LA PLATA
41483,HUILA,NATAGA
41001,HUILA,NEIVA
41503,HUILA,OPORAPA
41518,HUILA,PAICOL
41524,HUILA,PALERMO
41530,HUILA,PALESTINA
41548,HUILA,PITAL
41551,HUILA,PITALITO
41615,HUILA,RIVERA
41660,HUILA,SALADOBLANCO
41668,HUILA,SAN AGUSTIN
41676,HUILA,SANTA MARIA
41770,HUILA,SUAZA
41791,HUILA,TARQUI
41799,HUILA,TELLO
41801,HUILA,TERUEL
41797,HUILA,TESALIA (CARNICERIAS)
41807,HUILA,TIMANA
41872,HUILA,VILLAVIEJA
41885,HUILA,YAGUARA
44035,LA GUAJIRA,ALBANIA
44078,LA GUAJIRA,BARRANCAS
44090,LA GUAJIRA,DIBULLA
44098,LA GUAJIRA,DISTRACCION
44110,LA GUAJIRA,EL MOLINO
44279,LA GUAJIRA,FONSECA
44378,LA GUAJIRA,HATONUEVO
44420,LA GUAJIRA,LA JAGUA DEL PILAR
44430,LA GUAJIRA,MAICAO
44560,LA GUAJIRA,MANAURE
44001,LA GUAJIRA,RIOHACHA
44650,LA GUAJIRA,SAN JUAN DEL CESAR
44847,LA GUAJIRA,URIBIA
44855,LA GUAJIRA,URUMITA
44874,LA GUAJIRA,VILLANUEVA
47030,MAGDALENA,ALGARROBO
47053,MAGDALENA,ARACATACA
47058,MAGDALENA,ARIGUANI (EL DIFICIL)
47161,MAGDALENA,CERRO DE SAN ANTONIO
47170,MAGDALENA,CHIVOLO
47189,MAGDALENA,CIENAGA
47205,MAGDALENA,CONCORDIA
47245,MAGDALENA,EL BANCO
47258,MAGDALENA,EL PINON
47268,MAGDALENA,EL RETEN
47288,MAGDALENA,FUNDACION
47318,MAGDALENA,GUAMAL
47460,MAGDALENA,NUEVA GRANADA
47541,MAGDALENA,PEDRAZA
47545,MAGDALENA,PIJINO DEL CARMEN
47551,MAGDALENA,PIVIJAY
47555,MAGDALENA,PLATO
47570,MAGDALENA,PUEBLOVIEJO
47605,MAGDALENA,REMOLINO
47660,MAGDALENA,SABANAS DE SAN ANGEL
47675,MAGDALENA,SALAMINA
47692,MAGDALENA,SAN SEBASTIAN DE BUENAVISTA
47703,MAGDALENA,SAN ZENON
47707,MAGDALENA,SANTA ANA
47720,MAGDALENA,SANTA BARBARA DE PINTO
47001,MAGDALENA,SANTA MARTA
47745,MAGDALENA,SITIONUEVO
47798,MAGDALENA,TENERIFE
47960,MAGDALENA,ZAPAYAN
47980,MAGDALENA,ZONA BANANERA (SEVILLA)
50006,META,ACACIAS
50110,META,BARRANCA DE UPIA
50124,META,CABUYARO
50150,META,CASTILLA LA NUEVA
50226,META,CUMARAL
50245,META,EL CALVARIO
50251,META,EL CASTILLO
50270,META,EL DORADO
50287,META,FUENTE DE ORO
50313,META,GRANADA
50318,META,GUAMAL
50350,META,LA MACARENA
50400,META,LEJANIAS
50325,META,MAPIRIPAN
50330,META,MESETAS
50450,META,PUERTO CONCORDIA
50568,META,PUERTO GAITAN
50577,META,PUERTO LLERAS
50573,META,PUERTO LOPEZ
50590,META,PUERTO RICO
50606,META,RESTREPO
50680,META,SAN CARLOS DE GUAROA
50683,META,SAN JUAN DE ARAMA
50686,META,SAN JUANITO
50223,META,SAN LUIS DE CUBARRAL
50689,META,SAN MARTIN DE LOS LLANOS
50370,META,URIBE
50001,META,VILLAVICENCIO
50711,META,VISTAHERMOSA
52019,NARINO,ALBAN (SAN JOSE)
52022,NARINO,ALDANA
52036,NARINO,ANCUYA
52051,NARINO,ARBOLEDA (BERRUECOS)
52079,NARINO,BARBACOAS
52083,NARINO,BELEN
52110,NARINO,BUESACO
52240,NARINO,CHACHAGUI
52203,NARINO,COLON (GENOVA)
52207,NARINO,CONSACA
52210,NARINO,CONTADERO
52215,NARINO,CORDOBA
52224,NARINO,CUASPUD (CARLOSAMA)
52227,NARINO,CUMBAL
52233,NARINO,CUMBITARA
52250,NARINO,EL CHARCO
52254,NARINO,EL PENOL
52256,NARINO,EL ROSARIO
52258,NARINO,EL TABLON
52260,NARINO,EL TAMBO
52520,NARINO,FRANCISCO PIZARRO (SALAHONDA)
52287,NARINO,FUNES
52317,NARINO,GUACHUCAL
52320,NARINO,GUAITARILLA
52323,NARINO,GUALMATAN
52352,NARINO,ILES
52354,NARINO,IMUES
52356,NARINO,IPIALES
52378,NARINO,LA CRUZ
52381,NARINO,LA FLORIDA
52385,NARINO,LA LLANADA
52390,NARINO,LA TOLA
52399,NARINO,LA UNION
52405,NARINO,LEIVA
52411,NARINO,LINARES
52418,NARINO,LOS ANDES (SOTOMAYOR)
52427,NARINO,MAGUI
52435,NARINO,MALLAMA (PIEDRANCHA)
52473,NARINO,MOSQUERA
52480,NARINO,NARINO
52490,NARINO,OLAYA HERRERA
52506,NARINO,OSPINA
52001,NARINO,PASTO
52540,NARINO,POLICARPA
52560,NARINO,POTOSI
52565,NARINO,PROVIDENCIA
52573,NARINO,PUERRES
52585,NARINO,PUPIALES
52612,NARINO,RICAURTE
52621,NARINO,ROBERTO PAYAN (SAN JOSE)
52678,NARINO,SAMANIEGO
52685,NARINO,SAN BERNARDO
52687,NARINO,SAN LORENZO
52693,NARINO,SAN PABLO
52694,NARINO,SAN PEDRO DE CARTAGO
52683,NARINO,SANDONA
52696,NARINO,SANTA BARBARA
52699,NARINO,SANTACRUZ
52720,NARINO,SAPUYES
52786,NARINO,TAMINANGO
52788,NARINO,TANGUA
52835,NARINO,TUMACO
52838,NARINO,TUQUERRES
52885,NARINO,YACUANQUER
54003,NORTE DE SAN,ABREGO
54051,NORTE DE SAN,ARBOLEDAS
54099,NORTE DE SAN,BOCHALEMA
54109,NORTE DE SAN,BUCARASICA
54128,NORTE DE SAN,CACHIRA
54125,NORTE DE SAN,CACOTA
54172,NORTE DE SAN,CHINACOTA
54174,NORTE DE SAN,CHITAGA
54206,NORTE DE SAN,CONVENCION
54001,NORTE DE SAN,CUCUTA
54223,NORTE DE SAN,CUCUTILLA
54239,NORTE DE SAN,DURANIA
54245,NORTE DE SAN,EL CARMEN
54250,NORTE DE SAN,EL TARRA
54261,NORTE DE SAN,EL ZULIA
54313,NORTE DE SAN,GRAMALOTE
54344,NORTE DE SAN,HACARI
54347,NORTE DE SAN,HERRAN
54385,NORTE DE SAN,LA ESPERANZA
54398,NORTE DE SAN,LA PLAYA
54377,NORTE DE SAN,LABATECA
54405,NORTE DE SAN,LOS PATIOS
54418,NORTE DE SAN,LOURDES
54480,NORTE DE SAN,MUTISCUA
54498,NORTE DE SAN,OCANA
54518,NORTE DE SAN,PAMPLONA
54520,NORTE DE SAN,PAMPLONITA
54553,NORTE DE SAN,PUERTO SANTANDER
54599,NORTE DE SAN,RAGONVALIA
54660,NORTE DE SAN,SALAZAR
54670,NORTE DE SAN,SAN CALIXTO
54673,NORTE DE SAN,SAN CAYETANO
54680,NORTE DE SAN,SANTIAGO
54720,NORTE DE SAN,SARDINATA
54743,NORTE DE SAN,SILOS
54800,NORTE DE SAN,TEORAMA
54810,NORTE DE SAN,TIBU
54820,NORTE DE SAN,TOLEDO
54871,NORTE DE SAN,VILLA CARO
54874,NORTE DE SAN,VILLA DEL ROSARIO
86219,PUTUMAYO,COLON (GENOVA)
86001,PUTUMAYO,MOCOA
86320,PUTUMAYO,ORITO
86568,PUTUMAYO,PUERTO ASIS
86569,PUTUMAYO,PUERTO CAICEDO
86571,PUTUMAYO,PUERTO GUZMAN
86573,PUTUMAYO,PUERTO LEGUIZAMO
86755,PUTUMAYO,SAN FRANCISCO
86757,PUTUMAYO,SAN MIGUEL (LA DORADA)
86760,PUTUMAYO,SANTIAGO
86749,PUTUMAYO,SIBUNDOY
86865,PUTUMAYO,VALLE DEL GUAMUEZ (LA HORMIGA)
86885,PUTUMAYO,VILLAGARZON
63001,QUINDIO,ARMENIA
63111,QUINDIO,BUENAVISTA
63130,QUINDIO,CALARCA
63190,QUINDIO,CIRCASIA
63212,QUINDIO,CORDOBA
63272,QUINDIO,FILANDIA
63302,QUINDIO,GENOVA
63401,QUINDIO,LA TEBAIDA
63470,QUINDIO,MONTENEGRO
63548,QUINDIO,PIJAO
63594,QUINDIO,QUIMBAYA
63690,QUINDIO,SALENTO
66045,RISARALDA,APIA
66075,RISARALDA,BALBOA
66088,RISARALDA,BELEN DE UMBRIA
66170,RISARALDA,DOSQUEBRADAS
66318,RISARALDA,GUATICA
66383,RISARALDA,LA CELIA
66400,RISARALDA,LA VIRGINIA
66440,RISARALDA,MARSELLA
66456,RISARALDA,MISTRATO
66001,RISARALDA,PEREIRA
66572,RISARALDA,PUEBLO RICO
66594,RISARALDA,QUINCHIA
66682,RISARALDA,SANTA ROSA DE CABAL
66687,RISARALDA,SANTUARIO
68013,SANTANDER,AGUADA
68020,SANTANDER,ALBANIA
68051,SANTANDER,ARATOCA
68077,SANTANDER,BARBOSA
68079,SANTANDER,BARICHARA
68081,SANTANDER,BARRANCABERMEJA
68092,SANTANDER,BETULIA
68101,SANTANDER,BOLIVAR
68001,SANTANDER,BUCARAMANGA
68121,SANTANDER,CABRERA
68132,SANTANDER,CALIFORNIA
68147,SANTANDER,CAPITANEJO
68152,SANTANDER,CARCASI
68160,SANTANDER,CEPITA
68162,SANTANDER,CERRITO
68167,SANTANDER,CHARALA
68169,SANTANDER,CHARTA
68176,SANTANDER,CHIMA
68179,SANTANDER,CHIPATA
68190,SANTANDER,CIMITARRA
68207,SANTANDER,CONCEPCION
68209,SANTANDER,CONFINES
68211,SANTANDER,CONTRATACION
68217,SANTANDER,COROMORO
68229,SANTANDER,CURITI
68235,SANTANDER,EL CARMEN
68245,SANTANDER,EL GUACAMAYO
68250,SANTANDER,EL PENON
68255,SANTANDER,EL PLAYON
68264,SANTANDER,ENCINO
68266,SANTANDER,ENCISO
68271,SANTANDER,FLORIAN
68276,SANTANDER,FLORIDABLANCA
68296,SANTANDER,GALAN
68298,SANTANDER,GAMBITA
68307,SANTANDER,GIRON
68318,SANTANDER,GUACA
68320,SANTANDER,GUADALUPE
68322,SANTANDER,GUAPOTA
68324,SANTANDER,GUAVATA
68327,SANTANDER,GUEPSA
68344,SANTANDER,HATO
68368,SANTANDER,JESUS MARIA
68370,SANTANDER,JORDAN
68377,SANTANDER,LA BELLEZA
68397,SANTANDER,LA PAZ
68385,SANTANDER,LANDAZURI
68406,SANTANDER,LEBRIJA
68418,SANTANDER,LOS SANTOS
68425,SANTANDER,MACARAVITA
68432,SANTANDER,MALAGA
68444,SANTANDER,MATANZA
68464,SANTANDER,MOGOTES
68468,SANTANDER,MOLAGAVITA
68498,SANTANDER,OCAMONTE
68500,SANTANDER,OIBA
68502,SANTANDER,ONZAGA
68522,SANTANDER,PALMAR
68524,SANTANDER,PALMAS DEL SOCORRO
68533,SANTANDER,PARAMO
68547,SANTANDER,PIEDECUESTA
68549,SANTANDER,PINCHOTE
68572,SANTANDER,PUENTE NACIONAL
68573,SANTANDER,PUERTO PARRA
68575,SANTANDER,PUERTO WILCHES
68615,SANTANDER,RIONEGRO
68655,SANTANDER,SABANA DE TORRES
68669,SANTANDER,SAN ANDRES
68673,SANTANDER,SAN BENITO
68679,SANTANDER,SAN GIL
68682,SANTANDER,SAN JOAQUIN
68684,SANTANDER,SAN JOSE DE MIRANDA
68686,SANTANDER,SAN MIGUEL (LA DORADA)
68689,SANTANDER,SAN VICENTE DE CHUCURI
68705,SANTANDER,SANTA BARBARA
68720,SANTANDER,SANTA HELENA DEL OPON
68745,SANTANDER,SIMACOTA
68755,SANTANDER,SOCORRO
68770,SANTANDER,SUAITA
68773,SANTANDER,SUCRE
68780,SANTANDER,SURATA
68820,SANTANDER,TONA
68855,SANTANDER,VALLE DE SAN JOSE
68861,SANTANDER,VELEZ
68867,SANTANDER,VETAS
68872,SANTANDER,VILLANUEVA
68895,SANTANDER,ZAPATOCA
70110,SUCRE,BUENAVISTA
70124,SUCRE,CAIMITO
70230,SUCRE,CHALAN
70204,SUCRE,COLOSO (RICAURTE)
70215,SUCRE,COROZAL
70221,SUCRE,COVENAS
70233,SUCRE,EL ROBLE
70235,SUCRE,GALERAS (NUEVA GRANADA)
70265,SUCRE,GUARANDA
70400,SUCRE,LA UNION
70418,SUCRE,LOS PALMITOS
70429,SUCRE,MAJAGUAL
70473,SUCRE,MORROA
70508,SUCRE,OVEJAS
70523,SUCRE,PALMITO
70670,SUCRE,SAMPUES
70678,SUCRE,SAN BENITO ABAD
70702,SUCRE,SAN JUAN DE BETULIA (BETULIA)
70708,SUCRE,SAN MARCOS
70713,SUCRE,SAN ONOFRE
70717,SUCRE,SAN PEDRO
70742,SUCRE,SINCE
70001,SUCRE,SINCELEJO
70771,SUCRE,SUCRE
70820,SUCRE,TOLU
70823,SUCRE,TOLUVIEJO
73024,TOLIMA,ALPUJARRA
73026,TOLIMA,ALVARADO
73030,TOLIMA,AMBALEMA
73043,TOLIMA,ANZOATEGUI
73055,TOLIMA,ARMERO (GUAYABAL)
73067,TOLIMA,ATACO
73124,TOLIMA,CAJAMARCA
73148,TOLIMA,CARMEN DE APICALA
73152,TOLIMA,CASABIANCA
73168,TOLIMA,CHAPARRAL
73200,TOLIMA,COELLO
73217,TOLIMA,COYAIMA
73226,TOLIMA,CUNDAY
73236,TOLIMA,DOLORES
73268,TOLIMA,ESPINAL
73270,TOLIMA,FALAN
73275,TOLIMA,FLANDES
73283,TOLIMA,FRESNO
73319,TOLIMA,GUAMO
73347,TOLIMA,HERVEO
73349,TOLIMA,HONDA
73001,TOLIMA,IBAGUE
73352,TOLIMA,ICONONZO
73408,TOLIMA,LERIDA
73411,TOLIMA,LIBANO
73443,TOLIMA,MARIQUITA
73449,TOLIMA,MELGAR
73461,TOLIMA,MURILLO
73483,TOLIMA,NATAGAIMA
73504,TOLIMA,ORTEGA
73520,TOLIMA,PALOCABILDO
73547,TOLIMA,PIEDRAS
73555,TOLIMA,PLANADAS
73563,TOLIMA,PRADO
73585,TOLIMA,PURIFICACION
73616,TOLIMA,RIOBLANCO
73622,TOLIMA,RONCESVALLES
73624,TOLIMA,ROVIRA
73671,TOLIMA,SALDANA
73675,TOLIMA,SAN ANTONIO
73678,TOLIMA,SAN LUIS
73686,TOLIMA,SANTA ISABEL
73770,TOLIMA,SUAREZ
73854,TOLIMA,VALLE DE SAN JUAN
73861,TOLIMA,VENADILLO
73870,TOLIMA,VILLAHERMOSA
73873,TOLIMA,VILLARRICA
76020,VALLE,ALCALA
76036,VALLE,ANDALUCIA
76041,VALLE,ANSERMANUEVO
76054,VALLE,ARGELIA
76100,VALLE,BOLIVAR
76109,VALLE,BUENAVENTURA
76111,VALLE,BUGA
76113,VALLE,BUGALAGRANDE
76122,VALLE,CAICEDONIA
76001,VALLE,CALI
76126,VALLE,CALIMA (DARIEN)
76130,VALLE,CANDELARIA
76147,VALLE,CARTAGO
76233,VALLE,DAGUA
76243,VALLE,EL AGUILA
76246,VALLE,EL CAIRO
76248,VALLE,EL CERRITO
76250,VALLE,EL DOVIO
76275,VALLE,FLORIDA
76306,VALLE,GINEBRA
76318,VALLE,GUACARI
76364,VALLE,JAMUNDI
76377,VALLE,LA CUMBRE
76400,VALLE,LA UNION
76403,VALLE,LA VICTORIA
76497,VALLE,OBANDO
76520,VALLE,PALMIRA
76563,VALLE,PRADERA
76606,VALLE,RESTREPO
76616,VALLE,RIOFRIO
76622,VALLE,ROLDANILLO
76670,VALLE,SAN PEDRO
76736,VALLE,SEVILLA
76823,VALLE,TORO
76828,VALLE,TRUJILLO
76834,VALLE,TULUA
76845,VALLE,ULLOA
76863,VALLE,VERSALLES
76869,VALLE,VIJES
76890,VALLE,YOTOCO
76892,VALLE,YUMBO
76895,VALLE,ZARZAL
97511,VAUPES,BUENOS AIRES (PACOA)
97161,VAUPES,CARURU
97001,VAUPES,MITU
97777,VAUPES,MORICHAL (PAPUNAGUA)
97666,VAUPES,TARAIRA
97889,VAUPES,YAVARATE
99773,VICHADA,CUMARIBO
99524,VICHADA,LA PRIMAVERA
99001,VICHADA,PUERTO CARRENO
99624,VICHADA,SANTA ROSALIA
