codpartido,party_name
1,PARTIDO LIBERAL COLOMBIANO
2,PARTIDO CONSERVADOR COLOMBIANO
3,UNION PATRIOTICA UP
4,ALIANZA NAL POPULAR ANAPO
5,MOVIMIENTO NACIONAL
6,MOVIMIENTO NACIONAL PROGRESISTA
7,PARTIDO NACIONAL CRISTIANO PNC
8,MOVIMIENTO UNION CRISTIANA UC
9,ALIANZA DEMOCRATICA M-19
10,MOVIMIENTO DE SALVACION NACIONAL
11,MOVIMIENTO FUERZA PROGRESISTA
12,MOVIMIENTO NUEVA COLOMBIA
13,MOVIMIENTO AUTOR IND DE COL AICO
14,MOVIMIENTO CONSERVATISMO INDEPENDIENTE
15,MOVIMIENTO ALIANZA SOC INDIGENA ASI
16,MOVIMIENTO POLITICO LAICOS POR COLOMBIA
17,MOVIMIENTO COMPROMISO CIVICO CRISTIANO C4
18,MOVIMIENTO CIVICO INDEPENDIENTE
19,MOVIMIENTO DE INTEGRACION NACIONAL
20,PARTIDO SOCIALDEMOCRATA COLOMBIANO
21,PARTIDO DEL SOC DEMOCRATICO PSD
22,MOVIMIENTO INDFRENTE DE ESPERANZA FE
23,MOVIMIENTO OBRINDEP REVOL MOIR
24,MOVIMIENTO DE DEFENSA CIUDADANA
25,MOVIMIENTO CONVERG POPULAR CIVICA
26,MOVIMIENTO CIUDADANO
27,MOVIMIENTO REVOLUCIONARIO FUERZA DEMOCRATICA
28,MOVIMIENTO NUEVA FUERZA DEMOCRATICA
29,PARTIDO POPULAR COLOMBIANO
30,MOVIMIENTO ALTERNATIVA DEMOCRATICA
31,MOVIMIENTO DE PARTICIPACION POPULAR
32,MOVIMIENTO HUMBERTISTA
33,MOVIMIENTO CIVICO SERIEDAD COLOMBIA
34,MOVIMIENTO APERTURA LIBERAL
35,MOVIMIENTO CONVERGENCIA CIUDADANA
36,MOVIMIENTO 19 DE ABRIL
37,PARTIDO VANGMORAL Y SOCVAMOS COL
38,MOVIMIENTO POLITICO COMUNAL Y COMUNI COL
39,MOVIMIENTO FUERZA COLOMBIA
40,MOVIMIENTO CONCERTACION CIVICA NACIONAL
41,MOVIMIENTO CAMBIO RADICAL
42,PARTIDO VERDE OXIGENO
43,MOVIMIENTO RECONSTRUCCION DEMOCNAC
44,MOVIMIENTO COLOMBIA MI PAIS
45,MOVIMIENTO LIBERALINDDE RESLIDER
46,MOVIMIENTO SI COLOMBIA
47,MOVIMIENTO VIA ALTERNA
48,MOVIMIENTO SOMOS COLOMBIA
49,MOVIMIENTO UNIONISTA
50,MOVIMIENTO HUELLA CIUDADANA
51,MOVIMIENTO PROGRESISMO DEMOCRATICO
52,MOVIMIENTO DE RENOVACION DEMOCRATICA
53,MOVIMIENTO ALTERNAT DE AVA SOC ALAS
54,MOVIMIENTO VOLUNTAD POPULAR
55,MOVIMIENTO RENOVACC LABORAL MORAL
56,MOVIMIENTO NUEVO LIBERALISMO
57,MOVIMIENTO PARTICIPACION COMUN MPC
58,MOVIMIENTO DEJEN JUGAR AL MORENO
59,MOVIMIENTO UNINALSEGSOC UNAMONOS
60,MOVIMIENTO UNETE COLOMBIA
61,MOVIMIENTO POLITICO CIUDADANOS POR BOYACA
62,MOVIMIENTO INTEGRACION POPULAR MIPOL
63,MOVIMIENTO POPULAR UNIDO MPU
64,MOVIMIENTO INDEPENDIENTE DE RENOVACION ABSOLUTA - MIRA
65,PARTIDO VIRAJE SOCIAL PVS
66,MOVIMIENTO POLITICO ANUPAC COLOMBIA
67,MOVIMIENTO POLITICO POR LA SEGURIDAD SOC
68,MOVIMIENTO AUTONOMIA CIUDADANA
69,MOVIMIENTO COLOMBIA SIEMPRE
70,MOVIMIENTO POLITICO GRU ORG LIDE POP GOLPE
71,MOVIMIENTO REPUBLICANO
72,PARTIDO INDIGENA COLOMBIANO PIC
73,MOVIMIENTO EQUIPO COLOMBIA
74,MOVIMIENTO TRANSFORMACION NACIONAL
75,PARTIDO UNIDAD DEMOCRATICA
76,MOVIMIENTO FRENTE SOCIAL Y POLITICO
77,PARTIDO COMUNISTA
78,UNIDAD POPULAR
79,SOCIALDEMOCRATA CRISTIANO
80,UNION NACIONAL DE OPOSICION UNO
81,SDC
82,FRENTE DEMOCRATICO
83,PARTIDO FRENTE UNIDAD PUEBLO
84,MOVIMIENTO DE IZQUIERDA DEMOCRATICO
85,MOVIMIENTO DE IZQUIERDA NUEVO LIBERAL 82
86,MOVIMIENTO UNITARIO METAPOLITICO MUM
87,FUP
88,PARTIDO SOCIAL DE LOS TRABAJADORES
89,UNION DEMOCRATICA GALANISTA
90,MOVIMIENTO POR UN NUEVO PAIS
91,COALICION AMPLIA DE SALVACION REGIONAL CASAR
92,MOVIMIENTO UNICO DE RENOVACION CONSERVADORA MURCO
93,MOVIMIENTO UNIDOS POR COLOMBIA
94,MOVIMIENTO DE UNIDAD NORTEVALLECAUCANA
95,MOVIMIENTO QUINTIN LAME
96,MOVIMIENTO ORIENTACION ECOLOGICA
97,OTRAS ORGANIZACIONES
98,COALICION
99,OTROS PARTIDO O MOVIMIENTOS
100,MOVIMIENTO AMOR POR COLOMBIA
101,PARTIDO NATURAL
102,MOVIMIENTO ENCUENTRO 88
103,MOVIMIENTO NACIONAL CONSERVADOR
104,COMUNIDADES NEGRAS
105,MOVIMIENTO RENOVADOR COLOMBIANO
106,PARTIDO PATRIA NUEVA
107,CONVERGENCIA POPULAR CALDENSE
108,ACTITUD RENOVADORA
109,CAMBIO DEMOCRACIA MALCON
110,CONVERGENCIA CIVICA EL META
111,CONVERGENCIA CIVICA MULTIPARTIDO
112,UNION CIVICA
113,FUERZA INDEPENDIENTE
114,RESTAURACION CONSERVADORA
115,MOVIMIENTO DE INTEGRACION HUMANA
116,ALIANZA MORAL POR COLOMBIA AMOR
117,MOVIMIENTO CIVICO AMAZONAS UNIDO
118,MOVIMIENTO INDIGENA COLOMBIANO AMAZONAS
119,ACCION COMUNITARIA
120,ALIANZA RESERVA ACCION CIVICA
121,FRENTE UNIDO NACIONAL POPULAR
122,INTEGRACION CIVICA POPULAR
123,EQUIPO LIBRE ADN
124,MOVIMIENTO DE INTEGRACION CRISTIANO
125,FRENTE MORAL
126,ANDRES PRESIDENTE
127,MOVIMIENTO CRISTIANO INDEPENDIENTE
128,JEGA
129,CREA
130,ORGANIZACION PARA LA PAZ NACIONAL
131,CONVERGENCIA NACIONAL
132,SOMOS LIBRES
133,CGT CRISTIANA
134,PROTESTEMOS
135,COMPROMISO COLOMBIA
136,MOVIMIENTO NACIONAL AYUDA MUTUA
137,PROPUESTA CIUDADANA
138,SOBERANIA POPULAR
139,LA UNIVERSIDAD AL CONGRESO
140,EMPRESARIO Y TRAB POR COLOMBIA
141,NUEVO PROYECTO
142,ACCION
143,COMUNIDADES INDIGENAS
144,FUERZA AGROPECUARIA NACIONAL
145,IZQUIERDA NUEVA
146,RENOVACION SOCIAL CATOLICA
147,ACCION DEMOCRATICA CIUDADANA
148,UNION NACIONAL INDEPENDIENTE Y R
149,CONVERGENCIA DEMOCRATICA
150,EDUCACION TRABAJO Y CAMBIO SOCIAL
151,RESERVA MORAL SIGLO XXI
152,MOVIMIENTO CULTURAL POPULAR
153,MOVIMIENTO CIVICO DE INTEGRACION SOCIAL
154,PRIMERO COLOMBIA
155,MOVIMIENTO COLOMBIA VIVA
156,PARTIDO DEL TRABAJO DE COLOMBIA
157,MOVIMIENTO FRENTE SOCIAL Y POLITICO
158,PARTIDO COLOMBIA SIEMPRE
159,MOVIMIENTO AUTORIDADES INDIGENAS DE COLOMBIA AICO
160,NUEVO PARTIDO
161,MOVIMIENTO POLITICO SOLIDARIDAD
162,VAMOS COLOMBIA
163,PARTIDO COLOMBIA DEMOCRATICA
164,PARTIDO POLO DEMOCRATICO INDEPENDIENTE
165,PARTIDO CAMBIO RADICAL COLOMBIANO
166,MOVIMIENTO POLITICO COMUNAL Y COMUNITARIO DE COLOMBIA
167,MOVIMIENTO FORMAMOS CIUDADANOS
168,MOVIMIENTO RECONSTRUCCION DEMOCRATICA NACIONAL
169,POR LA BOGOTA QUE QUEREMOS
170,PARTIDO COMUNITARIO OPCION SIETE-PCOS
171,UNAMONOS CON FINO
172,MOVIMIENTO DERECHO VIVO
173,LIBERALISMO IND
174,CORRIENTE DE RENOVACION
175,LIBERAL DEL PROGRESO
176,INTEGRACION CIVICA DEMOCRATICA
177,MOVIMIENTO AMIGOS POR COLOMBIA
178,MOVIMIENTO CONVERGENCIA NACIONAL CIVICA
179,MOVIMIENTO CIVICO POR FUSAGASUGA
180,MOVIMIENTO POR EL PUEBLO
181,RESTAURACION MORAL DE SAHAGUN MIPOL
182,TODOS POR PASTO
183,UNIDO POR SOGAMOSO
184,MOVIMIENTO FIRMES
185,ALTERNATIVA LIBERAL DEL PUEBLO
186,RENOVACION COLOMBIA
187,ORGANIZACION NACIONAL INDIGENA ONIC
188,MOVIMIENTO ANTIOQUIA UNIDA
189,MOVIMIENTO CIVICO POPULAR
190,MOVIMIENTO NACIONAL DE RECONCILIACION
191,CUNDINAMARCA MERECE MAS
192,ACCION CIVICA CIUDADANA JARDIN
193,ALIANZA SOCIAL DE PARTICIPACION COMUNITARIA
194,POLO DEMOCRATICO ALTERNATIVO
195,MOVIMIENTO ALAS EQUIPO COLOMBIA
196,MOVIMIENTO DE PARTICIPACION CIUDADANA
197,PARTIDO VERDE
198,PARTIDO SOCIAL DE UNIDAD NACIONAL. PARTIDO DE LA U
199,MOVIMIENTO ALIANZA SOCIAL AFROCOLOMBIANA ASA
200,MOVIMIENTO NACIONAL AFROCOLOMBIANO AFRO
201,MOVIMIENTO ALTERNATIVA POPULAR INDEPENDIENTE
202,MOV. RENOVADOR DE ACCION LIBERAL - MOR
203,CUNDINAMARCA SIGLO XXI CIVICO
204,HUILA NATURALEZA PRODUCTIVA
205,VAMOS CIUDAD
206,MOVIMIENTO CONVERGENCIA POPULAR
207,UNA ANTIOQUIA NUEVA
208,AMIGOS POR BOYACA
209,MOVIMIENTO POLITICOS INDEPENDIENTES LIBRES
210,ACIA
211,AFROCOLOMBIANA MALCOLM X
212,AFROUNINCCA
213,ANALDIC
214,ASOC PARA PROMOCION Y DEFENSA DE LOS DER. ETNICOS DE COMUN.
215,MOVIMIENTO DE INTEGRACION REGIONAL IR
216,ASOCIACION AFROCOLOMBIANA INTERCAMBIO DE EXPERIENCIAS
217,ASOCIACION NACIONAL DE ESTUDIANTES AFROCOLOMBIANOS
218,ASOCIACION PARA EL FOMENTO E INTEGRACION DE LAS NEGRITUDES
219,ASOPACIFICO
220,ASOPRA
221,CENTRO DE EST. COMUNIC. Y PROMO. COMUNITARIA CIMARRON
222,COAGROPACIFICO LTDA.
223,CORPORACION UNIDA POR LA CULTURA AFRO CUCAF
224,CORPOSINPAC
225,DESPERTAR
226,FUNDACION TAMBOR YORUBA
227,FUNDAIN
228,FUNDECON
229,FUNDECONA
230,HUILA NUEVO Y LIBERALISMO
231,MOV. COMUNAL Y COMUNITARIO DE COLOMBIA
232,MOVIMIENTO CANOAS
233,MOVIMIENTO LA VOZ DE LA CONSCIENCIA
234,FIRMES POR BOGOTA
235,MOVIMIENTO DE PARTICIPACION COMUNITARIA M.P.C.
236,BOGOTA VIVA
237,MOVIMIENTO CAUSA JUSTA
238,MOVIMIENTO NACIONAL CIMARRON
239,ORGANIZACION CONVIVENCIA PACIFICA
240,ORGANIZACION DE MUJERES AFROCOLOMBIANAS
241,PARTIDO DE ACCION SOCIAL P.A.S.
242,POR EL PAIS QUE SO„AMOS
243,RAICES NEGRAS
244,VISIONARIOS CON ANTANAS MOCKUS
245,ASOCIACION AFRODESCENDIENTE REVIVIR FERMIN SALAS
246,ASOCIACION AFROMONTELIBANENSE ANASTASIO SIERRA CIMARRON
247,ASOCIACION CIVICA FUERZAS NEGRAS
248,ASOCIACION COLECTIVO AFRODESCENDIENTES PRO DERECHOS HUMANO
249,ASOCIACION DAMOS LA MANO ASODM
250,"ASOCIACION DE AFROCOLOMBIANOS PARA LA VIVIENDA, DEPORTE, E"
251,ASOCIACION DE AFRODESCENDIENTES DEL MUNICIPIO DE NECOCLI A
252,ASOCIACION DE COMUNIDADES AFROCOLOMBIANAS DEL MUNICIPIO DE
253,ASOCIACION DE COMUNIDADES NEGRAS DE GUACOCHE- VALLEDUPAR C
254,ASOCIACION DE DESPLAZADOS DE LA COSTA PACIFICA RESIDENTES
255,ASOCIACION DE MUJERES AFROCOLOMBIANAS HIJAS DE YEMAYA
256,ASOCIACION KUAGRO SOCIAL LOS MARLINS AKUASOMAR
257,ASOCIACION MISION COLOMBIA
258,ASOCIACION NUEVA VIDA
259,ASOCIACION POR LOS DERECHOS DE LAS COMUNIDADES NEGRAS DE B
260,ASOCIACION POR LOS DERECHOS DE LAS COMUNIDADES NEGRAS DE P
261,ASOCIACION POR LOS DERECHOS DE LAS COMUNIDADES NEGRAS DE S
262,ASOCIACION POR LOS DERECHOS DE LAS COMUNIDADES NEGRAS DEL
263,"CENTRO EXPERIMENTAL DE CULTURA MUSICA, CANTO, BAILE Y ETNO"
264,COMUNIDADES AFROCOLOMBIANAS Y NEGRITUDES ORGANIZADAS PARA
265,CONSEJO COMUNITARIO DE CORDOBA Y SAN CIPRIANO DEL MUNICIPI
266,CONSEJO COMUNITARIO DE LA INSPECCION DE POLICIA DE PUERTO
267,CORPORACION PARA EL DESARROLLO Y CAPACITACION DE BUENAVENTU
268,CORPORACION ABOSAO - CORABOSAO
269,CORPORACION AFRO-CARTAGENA AFROCAR
270,CORPORACION AFROCOLOMBIANA MALCOLM...X
271,CORPORACION AFROETNICO
272,CORPORACION CIMARRON
273,CORPORACION COLONIA MURINDOSEÑA COLOMU
274,CORPORACION DE LIDERAZGO Y DESARROLLO EMPRESARIAL AFROCOLO
275,CORPORACION NELSON MANDELA CORMANDELA
276,FUNDACION AFRO Y CULTURA LA ESPERANZA - FACE
277,FUNDACION AFROGUAJIRA FUNAGUA
278,FUNDACION COMUNIDADES DEL PACIFICO COLOMBIANO FUNCOPACOL
279,FUNDACION DE DESARROLLO SOCIAL DEPORTIVA CULTURAL AMANDA S
280,FUNDACION DEPORTIVA VIAFARA FUNDEVIA
281,FUNDACION FUNDAPAS
282,FUNDACION INTEGRACION SOCIAL AFROCOLOMBIANA FISA
283,FUNDACION INTENSIDAD FUNDAIN
284,FUNDACION LABORAR POR COLOMBIA FUNDALABOR
285,FUNDACION NARINENSES AFROCOLOMBIANOS FORJADORES DEL FUTURO
286,FUNDACION NEGROS SIN FRONTERAS SINFRONTERAS
287,FUNDACION PARA EL DESARROLLO DE COMUNIDADES AFROCOLOMBIANA
288,FUNDACION PARA EL DESARROLLO INTEGRAL DEL AFRODESCENDIENTE
289,FUNDACION PARA EL DESARROLLO INTEGRAL PARA LA COMUNIDAD AF
290,FUNDACION PARA EL DESARROLLO LA SOLIDARIDAD Y LA INTEGRACI
291,FUNDACION SEMILLAS SIN ODIO COLOMBIA
292,FUNDAPALAFROCER OBATALA FUNDACION AFRO-CERRITEÑO OBATALA
293,MOVIMIENTO AFROAMBIENTAL COLOMBIANO
294,OPCION HUILA
295,ORGANIZACION ANCESTRICA AFROCOLOMBIANA OANAC
296,ORGANIZACION DE COMUNIDADES NEGRAS EN ANTIOQUIA ESTUDIANT
297,ORGANIZACION DE LAS ETNIAS AFROCOLOMBIANAS RESIDENTES EN E
298,ORGANIZACION DE LAS ETNIAS AFROCOLOMBIANOS RESIDENTES EN M
299,ORGANIZACION ETNICA COMUNITARIA AFROCOLOMBIANA OECA
300,ORGANIZACION SOCIAL DE COMUNIDADES NEGRAS ANGELA DAVIS
301,PARTIDO CRISTIANO DE TRANSFORMACION Y ORDEN PACTO
302,PARTIDO DE INTEGRACION NACIONAL PIN
303,PARTIDO DE INTEGRACION SOCIAL COLOMBIANO PAIS
304,UNIDAD LIBERAL
305,COMPROMISO CIUDADANO POR COLOMBIA
306,MOVIMIENTO SOCIAL E INDIGENA MSI
307,JOVENES FAJARDISTAS
308,BELLO INDEPENDIENTE
309,BELLO UNIDO
310,MOVIMIENTO DE UNIDAD CACERE„A
311,POR CALDAS VALE LA PENA
312,TRANSPARENCIA CIUDADANA
313,UNIDOS POR CAUCASIA
314,ENVIGADO SOMOS TODOS
315,UNIDOS POR EL SALTO
316,GRANADA PARA TODOS
317,ITAGUI PARA TODOS
318,CORPORACION CENTRO CIVICO SOCIAL - LA CHINCA
319,MOVIMIENTO UNIDOS TODOS POR LA ESTRELLA
320,GRUPO SIGNIFICATIVO DE CORAZON POR MARINILLA
321,MARINILLA EN ACCION
322,NARI„O CON FUTURO
323,MOVIMIENTO INCONFORMISMO SOCIAL NARE„O
324,RENOVACION GUARCE„A
325,SABANETA SOMOS TODOS
326,MOVIMIENTO CIVICO POR SALGAR
327,UNIDOS POR SAN LUIS
328,SAN RAFAEL EN ACCION
329,ALIANZA POR SONSON
330,FUERZA VIVA
331,MOVIMIENTO CIVICO YONDO COMUNITARIO
332,PACTO
333,POR UNA SOLA CARTAGENA
334,CIUDADANOS LIBRES POR BUSBANZA
335,POR EL CAMPOHERMOSO QUE QUEREMOS
336,MOVIMIENTO POPULAR INDEPENDIENTE PROLIGAR
337,ACCION CIUDADANA POR VILLA DE LEYVA
338,MOVIMIENTO CIVICO PARA EL DESARROLLO INTEGRAL DE MONGUA
339,MOVIMIENTO SOCIAL RED CIUDADANA
340,PARTICIPACION SOCIAL COMUNITARIA
341,LIDERES EN ACCION LEA
342,N.A.D.I.E.
343,MOVIMIENTO CIVICO POR ARANZAZU
344,TODOS POR PALESTINA
345,TODOS POR SUPIA
346,AMIGOS DE LA U
347,UNIDAD CORINTE„A
348,MOV. COM. POR LA INTEGRACION Y EL DESARROLLO DE PAEZ
349,UNIDOS POR PUERTO TEJADA
350,HACIA UN NUEVO ROSAS
351,ADELANTE VALLEDUPAR
352,INICIATIVA CIUDADANA
353,INICIATIVA CIUDADANA POPULAR
354,MOVIMIENTO DE RECONCILIACION DEMOCRATICA M.R.D.
355,ANAPOIMA DE CARA AL FUTURO
356,CAMBIO SOCIAL
357,MOVIMIENTO POPULAR POR CAJICA
358,UNIDOS POR CHIA
359,NUEVA FUERZA CIUDADANA
360,POR COGUA VALE LA PENA
361,UNIDOS POR EL CAMBIO
362,TEJIDO SOCIAL DEMOCRATICO
363,UNI2 POR FACATATIVA
364,UNIDOS POR GACHETA
365,AMANECER DORADO
366,MOVIMIENTO UNE
367,DIGNIDAD POR MOSQUERA
368,UNAMONOS NILO LO MERECE
369,MOVIMIENTO CIVICO TRABAJEMOS JUNTOS
370,NIMAIMA CON VISION EMPRESARIAL
371,PACHO CIVICO INDEPENDIENTE - PACIN
372,UNION CIVICA SALGARE„A
373,MOVIMIENTO LA HUELLA
374,MOVIMIENTO CAMPESINO LIDERES POR SANBERNARDO
375,MOVIMIENTO CIVICO Y COMUNITARIO
376,MOVIMIENTO CIVICO HERNANDO BAUTISTA ALCALDE
377,AMIGOS DE NEMOCON
378,TODOS POR SOPO
379,MOVIMIENTO CIVICO SUBACHOQUE
380,MOVIMIENTO CIVICO SUPATA SOCIAL
381,COMPROMISO SOCIAL POR TABIO
382,TABIO DEMOCRATICO 2008-2011
383,TODOS UNIDOS POR TIBACUY
384,MOVIMIENTO RURAL CIVICO INDEPENDIENTE
385,MOVIMIENTO VIVE
386,MOVIMIENTO MANOS FIRMES
387,UNIDOS POR VILLETA
388,EL COMPROMISO SIGUE SIENDO NUESTRO PUEBLO
389,COMPROMISO POR ZIPAQUIRA
390,ZIPAQUIRA POSITIVA
391,SIEMPRE YAGUARA
392,CAMBIO SALUDABLE
393,CENTAUROS PA LANTE
394,CIUDADANOS INDEPENDIENTES POR ACACIAS CIPA
395,NUEVA GENERACION
396,MOVIMIENTO INDEPENDIENTE UNIDOS POR PUERTO LOPEZ MIUP
397,MOVIMIENTO DE INTEGRACION POR SAN CARLOS
398,MOVIMIENTO CIVICO CAMPESINO
399,MOVIMIENTO ALTERNATIVA SOCIAL
400,SALAZAR ES USTED
401,MOVIMIENTO DE CIUDADANOS POR GENOVA
402,UNIDOS POR EL PROGRESO DE PIJAO
403,HIJOS Y AMIGOS DE SALENTO
404,SIEMPRE SALENTO
405,DE CORAZON POR PEREIRA CON JUSTICIA SOCIAL
406,PEREIRA SOCIAL
407,DOSQUEBRADAS SOCIAL
408,CIUDADANOS POR MARSELLA
409,UNIDOS POR SANTUARIO
410,COLOMBIA EN PAZ
411,FUERZA COMUNAL Y COMUNITARIA
412,MOVIMIENTO CIVICO COMPROMISO BARICHARA
413,MOVIMIENTO SOCIAL LOS AGATAES
414,UNIDOS POR EL FUTURO DE GALAN
415,MOGOTES SOMOS TODOS
416,PRIMERO SAN VICENTE
417,COMPROMISO SOCORRANO
418,FORTALEZA ZAPATOCA
419,MOVIMIENTO CIVICO BIENESTAR POR GALERAS
420,MOVIMIENTO SOCIAL PRIMERO IBAGUE
421,CALI PUEDE
422,TODOS POR CANDELARIA
423,POR AMOR A CANDELARIA
424,COMITE CIUDADANO DE RESTREPO VALLE - O.S.S.A
425,MOVIMIENTO ALIANZA PARA EL DESARROLLO
426,MOVIMIENTO MARCANDO EL CAMBIO
427,MOVIMIENTO INDEPENDIENTE DEL CASANARE
428,MOVIMIENTO COMUNAL
429,SIBUNDOY DEMOCRATICO COLECTIVO Y EMPRESARIAL
430,ALTERNATIVA SOCIAL
431,COALICION PARA LA ALCALDIA DE OICATA BOYACA
432,COALICION PARA LA ALCALDIA DE TOPAGA BOYACA
433,ACUERDO DE COALICION PARA SERVIRLE A MI GENTE
434,CIUDADANOS FIRMES CON MANIZALES
435,AHORA LE TOCA AL PUEBLO
436,COALICION INTERPARTIDISTA ALCALDIA PUERTO TEJADA
437,COALICION INTERPARTIDISTA ALCALDIA VILLA RICA
438,MOVIMIENTO DE INCLUSION Y OPORTUNIDADES AFROVIDES
439,CANALETE ES DE TODOS
440,ANAPOIMA ATRACTIVA
441,SEMBRANDO SEMILLAS DE ESPERANZA
442,MOVIMIENTO DE RENOVACION SOCIAL POR AMAGA
443,UNIDAD Y GESTION PARA LA PROSPERIDAD
444,"CRECE. COPACABANA REFLEXIONA, CREE Y ELIGE"
445,UNIDOS POR GUATAPE
446,JARDIN HECHOS DE VERDAD
447,LA CEJA PRIMERO
448,MACEO UNIDOS PARA EL CAMBIO
449,FIRMES POR EL RESCATE DE MEDELLIN
450,MARCANDO LA DIFERENCIA
451,GRUPO SIGNIFICA RIONEGRO CONFIABLE
452,SAN PEDRO INCLUYENTE PROSPERO Y EQUITATIVO
453,MOVIMIENTO COMUNITARIO ORGULLOSAMENTE SEGOVIANO
454,MOVIMIENTO SOPETRAN CIVICO
455,MOVIMIENTO COMUNITARIO E INDEPENDIENTE DE TARSO
456,MOVIMIENTO TU ERES TURBO
457,EL SENTIR DE UN PUEBLO
458,FIRME CON BARRANQUILLA
459,JUNTOS POR SABANALARGA
460,UNIDOS POR SABANALARGA UPS
461,GINA PARODY ALCALDESA
462,PROGRESISTAS
463,POR UNA CARTAGENA SOCIAL
464,MOVIMIENTO SI ES POSIBLE
465,SIEMPRE SOCIAL
466,UNIDOS PARA PROGRESAR
467,MOVIMIENTO INDEPENDIENTE GENTE EFICIENTE
468,RENOVACION Y CAMBIO PARA CONSTRUIR FUTURO
469,UNIDAD POR ARANZAZU
470,MOVIMIENTO DE INTEGRACION RENOVADORA
471,TODOS POR VICTORIA
472,JUNTOS LO LOGRAREMOS
473,MOVIMIENTO UNIDOS POR SAMANA
474,TODOS
475,UNIDAD CIUDADANA POR EL DONCELLO
476,REGISTRATE AL CAMBIO
477,PA LANTE TAURAMENA EL PUEBLO MANDA
478,SOMOS MOVIMIENTO INTEGRACION SOCIAL
479,"UNA MUJER, TODO UN PUEBLO"
480,FIRME POR AGUACHICA
481,SI PODEMOS
482,UNIDOS POR UNGUIA
483,PRIMERO SAHAGUN
484,TU MEJOR DECISION
485,GRUPO POLITICO EMPRESARIAL
486,CONSTRUYENDO FUTURO
487,UNIDOS POR COGUA GRANDE
488,ALIANZA SOCIAL AMIGOS POR COTA ASAC
489,UNION CIVICA POR COTA UNICO
490,GRAN COALICION COLEGIUNA MESITAS SOMOS TODOS
491,EL DESARROLLO ES CON USTED
492,RECUPEREMOS A FOSCA
493,GARANTIA DE CIUDAD
494,PROGRESO PARA TODOS
495,UNIDOS POR GACHANCIPA
496,LUCHAMOS POR GIRARDOT
497,COMPROMISO SOCIAL POR GRANADA
498,LA PENA TIERRA DE OPORTUNIDADES
499,UNIDOS POR UN MACHETA MEJOR
500,MOVIMIENTO DE INCLUSION Y OPORTUNIDADES MIO
501,COALICION ALCALDIA MUNICIPIO GIRARDOT CUNDINAMARCA
502,COALICION ALCALDIA DE MOSQUERA CUNDINAMARCA
503,UN ALCALDE DE TODOS Y PARA TODOS
504,UNIDOS CON MINCHO
505,TRABAJANDO UNIDOS POR QUETAME
506,MOVIMIENTO CIVICO DE TODOS Y PARA TODOS
507,MOVIMIENTO DE UNIDAD POR SUESCA
508,LIBERALES UNIDOS POR EL PROGRESO DE UNE
509,ALIANZA VICTOR VELEZ ALCALDE
510,FIRMES POR LO NUESTRO
511,FIRME ARIGUANI PRIMERO
512,MOVIMIENTO CIUDADANO JUNTOS RESCATEMOS A PLATO
513,ACACIAS SEGURA YA
514,VISION CIUDADANA
515,PORQUE YO SI QUIERO A CASTILLA LA NUEVA
516,ELIJA BIEN
517,ALIANZA CON DIGNIDAD POR UN ALDANA MEJOR
518,UNIDOS POR EL PROGRESO DE COLON NARINO
519,UNIDOS POR CONSACA
520,ALIANZA PARA LA PROSPERIDAD
521,ALIANZA POR GUAITARILLA
522,MOVIMIENTO VAMOS IPIALES
523,LO QUE LA GENTE QUIERE
524,UNIDOS CONSTRUIMOS FUTURO
525,MOVIMIENTO DEMOCRATICO PROGRESISTA DE UNIDAD LINARENA
526,UNIDOS POR EL PROGRESO DE MALLAMA
527,UNIDAD Y PROGRESO POR NARINO
528,MOVIMIENTO CIUDADANO POR PASTO
529,MOVIMIENTO COMPROMISO CON POTOSI
530,MOVIMIENTO POR LA PROSPERIDAD DE SANDONA
531,MOVIMIENTO CIUDADANO UNIDOS POR SAPUYES
532,UNIDAD POR TUMACO PROGRESO PARA TODOS
533,UNIDOS POR TUQUERRES
534,LOS PATIOS SOMOS TODOS
535,ARMENIA AVANZA
536,ALIANZA POR LAS SOLUCIONES PARA CALARCA
537,CIRCASIA UNIDA
538,SALENTO FIRME
539,DOSQUEBRADAS EMPRESA DE TODOS
540,GRAN COALICION POR LA PROSPERIDAD DE DOSQUEBRADAS
541,GRAN ALIANZA POR EL MARSELLA QUE QUEREMOS
542,COALICION PARTIDISTA PARA LA ALCALDIA DE PEREIRA
543,RECUPERACION DEL LIDERAZGO REGIONAL DE SANTA ROSA
544,EN BARICHARA EL PROGRESO CONTINUA
545,POR BARICHARA UNIDO Y PROSPERO
546,BARRANCABERMEJA CIUDAD FUTURO
547,BETULIA SOMOS TODOS
548,BUCARAMANGA EVOLUCIONA
549,TODOS UNIDOS POR UN CERRITO INCLUYENTE
550,UNIDOS PODEMOS MAS
551,"UNION, CAMBIO Y PROGRESO"
552,TODOS UNIDOS POR CURITI
553,VASITO POR GIRON
554,UNIDOS LO HACEMOS MEJOR
555,UNIDOS POR EL PUEBLO
556,UNIDOS PARA DEFENDER LO NUESTRO
557,OCAMONTE PRIMERO
558,LIBERCON
559,JUNTOS POR PIEDECUESTA
560,UNIDAD DE GOBIERNO
561,POR EL SAN GIL QUE MERECEMOS
562,UNIDOS POR SURATA
563,UNIDOS CONSTRUIMOS UN VALLE MEJOR
564,NUESTRO COMPROMISO ES VILLANUEVA
565,ALIANZA DE INTEGRACION DEMOCRATICA POR LOS PALMITOS
566,PRIMERO MORROA
567,VISION CIVICA Y SOCIAL
568,MOVIMIENTO CIUDADANO DE CAJAMARCA Y ANAIME
569,HONDA PRIMERO
570,CORPORACION COMPROMETIDOS CON MARIQUITA
571,UNIDOS POR SUAREZ
572,UNIDAD MUNICIPAL PLURIPARTIDISTA
573,AVANZA MI BUGA
574,"CAICEDONIA, CON LA FRENTE EN ALTO"
575,ALCALDE GUERRERO
576,JURADO POR CALI
577,PA LANTE CALI
578,CANDELARIA NUESTRO COMPROMISO
579,UNIDOS POR CANDELARIA
580,MOVIMIENTO CIUDADANO UNIDOS CON LA W
581,MOVIMIENTO PARTICIPATIVO TODOS POR OBANDO
582,SOMOS LUIS CARLOS
583,MOVIMIENTO CIUDADANO RIOFRIO SI
584,AVANCE SOCIAL
585,UNIDOS PARA UNIR A TULUA
586,ZARZAL SOMOS TODOS
587,UN MEJOR AGUACHICA UMA
588,CUENTE CONMIGO
589,MOVIMIENTO UNIDOS HACEMOS MAS POR ITAGUI
590,MOVIMIENTO CIVICO VAMOS CON GLORIA
591,JUNTOS POR SABANETA
592,CAJICA ACTIVA
593,MOVIMIENTO DE INCLUSION CAJIQUENO MIC
594,MOVIMIENTO INDEPENDIENTE POR CAJICA
595,OPCION FUTURO
596,ADELANTE CHIA
597,CHIA ACTIVA
598,GRUPO POR EL CAMBIO
599,PROSPERIDAD POR CHIA
600,POR COTA TRANSPARENTE
601,TRABAJANDO POR COTA
602,MOVIMIENTO BELLO UNIDO
603,POR TI ENVIGADO
604,TODAS Y TODOS POR ENVIGADO
605,ALIANZA CIVICA POR ENVIGADO
606,COTA TIERRA DE PROGRESO
607,POR UNA ALIANZA CIUDADANA
608,ALIANZA POR MOSQUERA
609,MOVIMIENTO TODOS UNIDOS
610,EL CAMBIO ES AHORA
611,VIVE ZIPAQUIRA
612,ZIPAQUIRA DE TODOS
613,PROGRESISTAS POR AMOR A SANTA MARTA
614,VOTO EN BLANCO LA VOZ DE LA CONSCIENCIA
615,CIUDADANOS POR VILLAVICENCIO
616,MOVIMIENTO DIGNIDAD SOCIAL INDIGENA
617,MOVIMIENTO VAMOS INDEPENDIENTES
618,VOTO POR MI REGION
619,MOVIMIENTO INDEPENDIENTE TODOS
620,ADELANTE DOSQUEBRADAS
621,PEREIRA PROSPERA
622,COMPROMISO CIUDADANO INTEGRAL C.C.I.
623,GRAN ALIANZA POR EL DESARROLLO DE PUENTE NACIONAL
624,TODOS POR EL CARMEN
625,LOGRAMOS UNIRNOS POR EL CAMBIO DE PURIFICACION
626,POR EL RETORNO DE LAS OBRAS Y EL PROGRESO
627,FUERZA SOCIAL
628,YOTOCO SOMOS TODOS
629,PUEBLOS UNIDOS MULTIETNICOS DE CUMARIBO PUMEC
630,COALICION GOBERNACION DE BOYACA
631,ALIANZA CIUDADANA POR ARAUCA
632,MOVIMIENTO POR LA RECONSTRUCCION DEL ATLANTICO
633,ALIANZA GOBIERNO DE TODOS Y PARA TODOS
634,SANTANDER EN SERIO
635,UNIDOS POR SANTANDER
636,COALICION CUNDINAMARCA
637,UNETE
638,RESPETO POR EL MAGDALENA
639,VAMOS P ALANTE
640,UNIDAD REGIONAL POR UN NARINO MEJOR
641,QUINDIO FIRME
642,UN NORTE PA LANTE
643,UNION NACIONAL DE IZQUIERDA REVOLUCIONARIA UNIR
644,CENTRO DEMOCRÁTICO MANO FIRME CORAZON GRANDE
645,PARTIDO ALIANZA VERDE
646,MULTIETNIA COLOMBIA
647,"ORG. DE LOS PUEBLOS INDÍGENAS DE LA AMAZONÍA COL. ""OPIAC"""
648,CABILDO DEL RESGUARDO DE CALDERAS
649,CABILDO INDIGENA DE SAN SEBASTIAN DE LOS LAGOS
650,DIGNIDADES AGROPECUARIAS INDIGENAS
651,COMUNIDAD INDIGENAS DE BARRANCON
652,PARTIDO OPCION CIUDADANA
653,ASOCIACIÓN DE AUTORIDADES TRADICIONALES Y CABILDOS INDÍGENAS DE COL
654,"PARTIDO ALIANZA SOCIAL INDEPENDIENTE ""ASI"""
655,"MOVIMIENTO ALTERNATIVO INDIGENA Y SOCIAL ""MAIS"""
656,RENOVACION ETNICA DE COLOMBIA
657,CORPORACION INDIGENA Y ANACONA
658,ASOCIACIÓN DE AUTORIDADES TRADICIONALES INDÍGENAS - OPIC
659,"ASOC. NACIONAL INDÍGENA DE COLOMBIA ""ANIC"""
660,AFROVIDES
661,AIMAC
662,ASOC. DE AFRO-DESCENDIENTES DEL MAGD. MEDIO - AFRODMAN
663,ASOC. REGIONAL DE AFROCOL. LA MINGA - AFROMINGA
664,ASOCONEGUA
665,ASODEPORTES
666,CONS. COMUNI. DE LOS CORREGI. DE SAN ANTPNIO Y EL CASTILLO
667,CORP. NELSON MANDELA CORMANDELA
668,CORP. SOCIAL E INTEG. DEL PACIFÍCO - CORPOSINPAC
669,CORPORACION AFROETNICOS
670,CORPORACIÓN PODER CIUDADANO
671,CORPORACION VIDES Y SUS NICHES
672,E.A.T. BOTICA COMUNITARIA DEL VALLE DEL CAUCA
673,EMBERA CHAMI DEL RESGUARDO INDIGENA DACHI AGORE DRUA
674,FUND. PARA EL DES. INTEG. DEL AFRODESCENDIENTE FUNDIAFRO
675,FUND. PARA EL DES. LA SOLIDARI. Y LA INTEG. DE LAS COMUN. NEGRAS DE CO
676,FUND. PARA EL DESARROLLO DE LA CUEN. DEL PACÍFICO COLOMBIA
677,FUNDACION AFROCOLOMBIANOS EN ACCIÓN
678,FUNDACION CULTURAL COSTA CARIBE FUNCULCOSTA
679,FUNDACION EBANO DE COLOMBIA FUNECO
680,FUNDACIÓN ESPERANZA AFRO ESAFRO
681,FUNDACIÓN FORFUTURO
682,FUNDACION INTENSIDAD FUNDAIN
683,FUNPROESAT
684,LOS PALENKES - BELLAVISTA - CH
685,MOV. POLITICO CIEN POR CIENTO POR COLOMBIA
686,"MOV. UNIDAD INDIGENA Y POPULAR POR COL. ""MUIPC"""
687,MOVIMIENTO AFROCOLOMBIANO SOCIOAMBIENTALISTA MOCOAS
688,MOVIMIENTO BLANCO POR LA PAZ
689,MOVIMIENTO DE INTEGRACION REGIONAL
690,ORGANIZACIÓN ÉTNICA COMUNITARIA COLOMBIANA OECA
691,POR UN HUILA MEJOR
692,SI SE PUEDE
693,UNETE
694,VIA NUEVA
695,MOVIMIENTO LIBERTARIO
696,"MOVIMIENTO CIVICO LOGICA, ETICA Y ESTETICA"
697,CREEMOS
698,LIBRES
699,EDUCACION PARA TODOS
700,ALIANZA POR NATAGAIMA
701,ASI DARA UN CAMBIO RADICAL
702,MOVIMIENTO SIGNIFICATIVO DE CIUDADANOS TODOS POR VILLA DE LEYVA
703,MOVIMIENTO CONSERVADOR DE RENOVACION CIENEGANA
704,MOVIMIENTO UNIDOS POR TOTORO
705,COALICION IDEAS NUEVAS
706,CONVERGENCIA SOCIAL PRODUCTIVA Y POLITICA POR INZA
707,GRAN ALIANZA POR MEDELLIN
708,MOVIMIENTO CIVICO POR UN MEJOR APARTADO
709,COALICION POR AMOR A APARTADO
710,ALIANZA BARBOSA CIVICA
711,BELLO CIUDAD DE PROGRESO
712,PRIMERO BETANIA
713,CIUDAD BOLIVAR EN BUENAS MANOS
714,CARAMANTA CON SENTIDO DE PERTENENCIA
715,COALICIÓN POLITICA Y PROGRAMATICA ALIANZA VERDE - MAIS
716,COMPROMISO POR CAROLINA
717,"UNIDOS SI EL POSIBLE, POR UN CHIGORODÓ EDUCADO Y PROSPERO"
718,UNIDOS POR GIRALDO
719,UNIDOS HACEMOS MAS
720,GRAN COALICION DEMOCRATICA
721,GUATAPE SOCIAL
722,PODEMOS MAS
723,PORQUE EN LA CEJA PODEMOS VIVIR MEJOR
724,TRABAJANDO DE CORAZON POR MARINILLA
725,MARINILLA SOMOS TODOS
726,COALICIÓN PROGRAMÁTICA Y POLÍTICA ENTRE PARTIDO DE LA U - PARTIDO LIBERAL
727,PUEDO EL PEÑOL UNIDO POR LA EDU. EL DESARRO. Y LAS OPORTUNIDADES
728,UNIDOS POR RIONEGRO
729,COMPROMISO CON RIONEGRO
730,EL CAMBIO ES AHORA PARTIDO LIBERAL - PARTIDO CAMBIO RADICAL
731,SANTA BARBARA COMPROMISO DE TODOS
732,POR UNA SEGOVIA MEJOR
733,COALICIÓN PROGRÁMATICA ENTRE PARTIDO LIBERAL - PARTIDO DE LA U
734,ALIANZA POLITICA POR TURBO
735,UNIDOS POR URRAO
736,FIRME BARRANQUILLA SI SE PUEDE
737,POR UN NUEVO MUNICIPIO
738,"PUEBLO, TIERRA Y FUTURO"
739,MOVIMIENTO SIGNIFICATIVO DE CIUDADANOS PROGRESISTAS
740,RECUPEREMOS BOGOTA
741,BOGOTA ADELANTE
742,CARTAGENA CONFIRMA
743,PRIMERO LA GENTE
744,"COALICIÓN PROGRAMÁTICA Y POLÍTICA ENTRE EL PARTIDO DE LA U - CAMBIORADICAL"
745,UNIDOS SEGUIMOS VANZANDO
746,"COAL. PROGRAMÁTICA Y POLÍTICA ALIANZA SOCIAL INDEPENDIENTE - PARTIDO DE LAU"
747,¡NUEVAS IDEAS...PARA UN MEJOR FUTURO!
748,"COALICIÓN PROGRAMÁTICA Y POLÍTICA ENTRE PARTIDO DE LA U - PARTIDO ALIANZAVERDE"
749,SOMOS BUENAVISTA
750,COALICION GESTION Y BUEN GOBIERNO UNIDOS SOMOS MAS
751,"COALICIÓN PROGRAMÁTICA Y POLÍTICA ENTRE EL PARTIDO CAMBIO RADICAL -PARTIDO DE LA U"
752,"MOVIMIENTO CONSERVADOR DE RENOVACIÓN CIENEGANA - CENTRODEMOCRÁTICO"
753,"AHORA SÍ, TODOS POR EL CAMBIO"
754,COAL. PROGR. Y POLÍT. ENTRE EL PARTIDO CAMBIO RADICAL - PARTIDO DE LA U
755,SÍ HAY CAMPO PARA TODOS
756,UNIDOS POR GACHANTIVA
757,"UN BUEN GOBIERNO, ES MI COMPROMISO CON EL PUEBLO"
758,"COALICIÓN MOVIMIENTO SIGNIFICATIVO DE CIUDADANOS TODOS POR VILLA DELEYVA - ALIANZA VERDE"
759,COAL. PROG. Y POLIT. ENTRE EL PARTIDO DE LA U - PARTIDO CAMBIO RADICAL
760,COALICIÓN PROGRAMÁTICA Y POLÍTICA PARTIDO ALIANZA VERDE - LIBERAL
761,"PUERTO BOYACÁ PRODUCTIVA, COMPETITIVA Y SOLIDARIA"
762,COAL. PROGR. Y POL. PARTIDO DE LA U - CAMBIO RADICAL - OPCION CIUDADANA
763,SOGAMOSO ACTIVA
764,COALICIÓN PART. CAMBIO RADICAL -PARTIDO CENTRO DEMOCRÁTIDO
765,ACCIÓN SOCIAL COALICIÓN CAMBIO RADICAL - PARTIDO DE LA U
766,"COAL. PROGRAMÁTICA Y POLIT. ENTRE EL PAR. LIBERAL - PAR. DE LA U - ALIANZAVERDE"
767,COALICIÓN POR EL PROGRESO Y DESARROLLO DE TÓPAGA
768,UNIDOS DEJAREMOS HUELLA
769,"COAL. PROGRAMATICA Y POLITICA PARTIDO LIBERAL COLOMBIANO Y CAMBIORADICAL"
770,MOVIMIENTO POPULAR TUTENSE - OPCIÓN CIUDADANA
771,COALICIÓN IDEAS NUEVAS
772,ALIANZA POR MANIZALES
773,UNA CIUDAD CON MÁS OPORTUNIDADES
774,MOVIMIENTO POR EL PROGRESO DE LA DORADA
775,JUNTOS PODEMOS MÁS
776,TU DECIDES - SAMANÁ GANA
777,SAMANÁ UN COMPROMISO DE TODOS
778,YO QUIERO A SAN JOSÉ - PARTIDO CAMBIO RADICAL - PARTIDO DE LA U
779,"COALICIÓN POLO DEMOCRÁTICO ALTERNATIVO - MOV. ALTERNATIVO INDÍGENA YSOCIAL ""MAIS"""
780,VICTORIA INCLUYENTE Y SOCIAL
781,POR UNA VILLAMARÍA PARTICIPATIVA E INCLUYENTE
782,ALIANZA POR FLORENCIA
783,IDENTIFÍCATE CON EL CAMBIO
784,POR EL CAMBIO
785,MORELIA PRÓSPERA Y TURÍSTICA
786,EL CAMBIO PARA POPAYÁN
787,"POPAYÁN, OPORTUNIDADES PARA TODOS"
788,EL ALCALDE PARA LA GENTE
789,INZA SOMOS TODOS
790,"COALI. PROGRAM. Y POLÍT. ENTRE EL PART. ALIANZA VERDE - MAIS - POLODEMOCRÁTICO ALTERNATIVO"
791,COALICION PROGR. Y POLIT. PARTIDO LIBERAL - PARTIDO CAMBIO RADICAL
792,SIENTE A QUILICHAO AMA TU TIERRA
793,MUJER CON SENTIDO SOCIAL
794,ALIANZA SOCIAL SUCREÑA
795,COAL. PROGRAMÁTICA Y POLÍTICA ENTRE AICO - PARTIDO LIBERAL COLOMBIANO
796,AVANZAR ES POSIBLE!!
797,ALIANZA SOCIAL POR BOSCONIA
798,POR TUS DERECHOS
799,MONTERÍA ADELANTE
800,CAMBIO CON SEGURIDAD
801,JUNTOS POR TIERRALTA
802,COALICION PROGRAMATICA Y POLITICA PARTIDO DE LA U - PARTIDO LIBERAL
803,PROGRESO PARA ALBÁN
804,COALICIÓN PROGR. Y POL. PARTIDO LIBERAL - PARTIDO DE LA U
805,ANOLAIMA
806,UNIDOS POR EL FUTURO DE ANOLAIMA
807,BOJACÁ...UNIDOS CONSTRUYENDO FUTURO
808,EN BOJACÁ YO CREO
809,CAJICÁ CON TODA SEGURIDAD
810,BUENOS DÍAZ CAJICÁ
811,"COALICIÓN PROGRAMÁTICA Y POLÍTICA ENTRE EL PARTIDO LIBERAL COLOMBIANO -ALIANZA VERDE"
812,"CARUPA PRÓSPERA, PRODUCTIVA Y EQUITATIVA"
813,CON DECISIÓN Y COMPROMISO POR CHÍA
814,TODOS POR CHÍA
815,AMIGOS DE COGUA
816,EL ROSAL PRODUCTIVO Y PARTICIPATIVO
817,VOLVAMOS A SER GRANDES
818,JUNTOS AVANZAMOS
819,JUNTOS SÍ PODEMOS
820,FUERZA INNOVADORA ALTERNATIVA FIA
821,POR UNA GACHETÁ EMPRENDEDORA UNIDA Y TRANSPARENTE
822,ALIANZA POR LA RECONSTRUCCIÓN DE GRANADA
823,VOCES ACTIVAS DE GRANADA
824,PARA VOLVER A CREER
825,VISIÓN SIN LÍMITES GOBIERNO DE LAS OPORTUNIDADES
826,LO QUE VIENE ES MEJOR
827,"COALICIÓN PROGRAMÁTICA Y POLÍTICA ENTRE PARTIDO DE LA U - PARTIDOCONSERVADOR"
828,COALICIÓN PROGRAMÁTICA Y POLÍTICA ALIZANZA VERDE - PARTIDO LIBERAL COL.
829,UNIDAD POR EL PROGRESO DE LA VEGA
830,UN NUEVO FUTURO
831,UNIDOS PODEMOS
832,"COAL. PROGR. Y POLIT. PART. DE LA U - CAMBIO RADICAL - OPCIÓN CIUDADANA - ASI- ALIANZA VERDE"
833,COMPROMISO CON RESPONSABILIDAD
834,"""UNIDOS POR UN CAMBIO"""
835,"COAL. PROGRAMÁTICA Y POLÍTICA ENTRE EL PAR. DE LA U. - PAR. OPCIÓNCIUDADANA"
836,UNIDOS POR PAIME
837,POR UN PANDI PARA TODOS
838,TRABAJANDO POR UN DESARROLLO CON EQUIDAD Y CONFIANZA
839,ACUERDO PROGRAMÁTICO PARTIDO LIBERAL - PARTIDO DE LA U
840,"""QUETAME NOS UNE"" ORDEN , CULTURA Y PROGRESO"
841,QUETAME CRECE MÁS
842,UNIDOS POR QUIPILE
843,RICAURTE NUESTRO COMPROMISO
844,UNIDOS POR EL CAMBIO DE RICAURTE
845,COAL. PROGR. Y POLIT. PARTIDO DE LA U - PARTIDO LIBERAL - ALIANZA VERDE
846,COALICIÓN PROGRAMÁTICA Y POLÍTICA ENTRE LIBERAL - CONSERVADOR
847,COALICIÓN PROGRAMÁTICA Y POLÍTICA ENTRE PARTIDO DE LA U - ALIANZA VERDE
848,"COALICIÓN PROGRAMÁTICA Y POLÍTICA PARTIDO DE LA U - PARTIDO CONSERVADORCOLOMBIANO"
849,"COALICIÓN PROGR. Y POLÍTICA PART. LIBERAL - PART. CAMBIO RADICAL - PART.OPCIÓN CIUDADANA"
850,SOACHA MERECE MÁS
851,JUNTOS PODEMOS
852,EN EQUIPO POR SUBACHOQUE
853,SIGAMOS AVANZANDO
854,"HAGO LO QUE DIGO, JORGE BULLA, UN ALCALDE COMO NOSOTROS"
855,PROGRAMÁTICA Y POLÍTICA ENTRE CAMBIO RADICAL - PARTIDO DE LA U
856,CON EL CAMBIO UBALA CRECE
857,UNE VIVE
858,EN ÚTICA RENACE LA ESPERANZA
859,EQUIPO DE RENOVACIÓN WILSON GARCÍA ALCALDE
860,PACTO U MAIS POR EL DESARROLLO DEL ALTO BAUDO
861,TODOS UNIDOS GANA BAGADO
862,UNIDOS POR EL CAMBIO ASí GANAMOS TODOS
863,UN NUEVO CAMINO
864,CERTEGUI UNA CAUSA COMÚN
865,EL GOBIERNO DEL PUEBLO
866,UNIDOS CONTINUAREMOS CON EL DESARROLLO
867,CONVERGENCIA
868,MESA PLURIPARTIDISTA
869,UNA COALICIÓN TRIUNFADORA
870,MEJORES TIEMPOS PARA HOBO
871,GRAN ALIANZA POR PITALITO
872,CON LA GENTE
873,RIOHACHA ADELANTE
874,UN EQUIPO PARA EL CAMBIO
875,OTRA SANTA MARTA ES POSIBLE
876,FUERZA CIUDADANA LA FUERZA DEL CAMBIO
877,EN VILLAVO VAMOS BIEN
878,UNIDOS PODEMOS (partido)
879,MÁS POR ACACÍAS
880,CAPACIDAD Y VISIÓN PARA SERVIR A MI GENTE
881,"100"" CUBARRAL"
882,MOVIMIENTO SIGNIFICATIVO DE CIUDADANOS NUEVA GRANADA
883,JUNTOS POR SAN JUAN DE ARAMA
884,CON PEQUEÑOS ESFUERZOS LOGRAREMOS GRANDES CAMBIOS
885,ARBOLEDA DE TODOS Y PARA TODOS
886,PRIMERO LA GENTE
887,"""UN CAMBIO JUSTO..."" COLON SIN CORRUPCIÓN"
888,GUAITARILLA SOMOS TODOS
889,UNIDAD SOCIAL POR GUAITARILLA
890,LASI
891,LA CRUZ SOMOS TODOS
892,POR UNA FLORIDA MEJOR
893,"BÁSICO, GESTIÓN Y SERVICIO"
894,LOS ANDES ADELANTE
895,MOVIMIENTO DE INTEGRACIÓN SOCIAL
896,MOVIMIENTO DE UNIDAD RICAURTEÑA - LIDERAZGO CON JUSTICIA SOCIAL
897,TODOS POR TANGUA
898,TUMACO NUESTRA PASIÓN
899,POR EL TUMACO QUE QUEREMOS
900,DE LA MANO CON TÚQUERRES
901,ARBOLEDAS RENACE
902,UNIDOS POR CÁCOTA
903,UNIDOS CONSTRUYENDO EL PROGRESO DE CONVENCIÓN
904,"UNIDOS PA' HACARÍ, LO MEJOR"
905,"""HERRANENSES AUTÓNOMOS, CAPACES Y LIBRES"""
906,ALIANZA PARA EL PROGRESO
907,JUNTOS PARA SEGUIR PROGRESANDO
908,UNIDOS HACEMOS MÁS POR BUENAVISTA
909,SOMOS EL CAMBIO
910,MONTENEGRO EN BUENAS MANOS
911,PARA VOLVER A CREER
912,RENOVACIÓN CON FUTURO
913,APIA SOMOS TODOS
914,MOVIMIENTO CÍVICO BELUMBRENSE
915,MOVIMIENTO CÍVICO LÓGICA ÉTICA Y ESTÉTICA
916,SIEMPRE CON LA GENTE
917,BARRANCABERMEJA SOCIAL
918,EDUCACIÓN PARA TODOS
919,JUNTOS CONSTRUIMOS MÁS
920,#YO CREO EN CALIFORNIA
921,CAPACIDAD Y EXPERIENCIA PARA GOBERNAR CON TRANSPARIENCIA
922,PARA GOBERNAR CON TRANSPARENCIA E INCLUSIÓN SOCIAL
923,POR UN CHARALÁ GRANDE
924,JUNTOS POR EL CAMBIO
925,GRAN ALIANZA POR CURITÍ
926,RENACE FLORIDABLANCA
927,SOMOS GIRÓN
928,CON GIRÓN TRABAJANDO
929,PACEÑOS UNIDOS DE CORAZÓN
930,"LA PAZ, NUESTRO PROPÓSITO"
931,LA LEBRIJA QUE SOÑAMOS EN LAS MEJORES MANOS
932,GRAN ALIANZA POR EL PROGRESO DE LOS SANTOS
933,ALIANZA PARA EL PROGRESO SOCIAL
934,"GLASMIRA ""LA FUERZA DE UN PUEBLO"""
935,"""OCAMONTE SOMOS TODOS"""
936,EN LA VÍA CORRECTA
937,PIEDECUESTA PROYECTO DE TODOS
938,PUERTO WILCHES COMPROMISO DE TODOS
939,SAN GIL ES MÁS PROGRESO MÁS FUTURO
940,TUYO
941,SURATÁ SOMOS TODOS
942,DEL PUEBLO PARA EL PUEBLO
943,LA GENTE PRIMERO
944,"TODOS PODEMOS, COMPROMISO HONESTO Y SOCIAL"
945,CON VOLUNTAD Y RESULTADOS DE VERDAD
946,FIRME POR IBAGUÉ
947,ALPUJARRA VIVE PARA TODOS
948,HONDA MI FAMILIA
949,COMPROMISO TOTAL
950,LÉRIDA CENTRO DE DESARROLLO REGIONAL - FIRMES POR LÉRIDA
951,"""AMOR POR ORTEGA"" PAR. OPCIÓN CIUDADANA - PARTIDO DE LA U"
952,CREEMOS CON ARMITAGE
953,JUNTOS POR NUESTRA CIUDAD
954,SÚMATE AL CAMBIO
955,TODOS UNIDOS POR OBANDO
956,EL CAMBIO QUE TODOS MERECEMOS
957,ASÍ GANAMOS TODOS
958,SARAVENA CIUDAD DE PROGRESO Y EQUIDAD PARA TODOS
959,NUESTRO COMPROMISO ES TÁME
960,MOVIMIENTO SOCIAL LA BENDICIÓN
961,MOVIMIENTO SOCIAL MANOS UNIDAS
962,TIEMPO DE RENOVACIÓN
963,"PACTO SOCIAL DE LA UNIDAD POR SANTIAGO ""EL CAMBIO ES AHORA"""
964,ÚNETE AL PROGRESO
965,MÁS POR PROVIDENCIA Y SANTA CATALINA
966,MARKANDO LA DIFERENCIA POR PROVIDENCIA Y SANTA CATALINA
967,OPCIÓN CIUDADANA
968,DESPIERTA VALLE
969,DIGNIDAD SANTANDEREANA
970,COMPROMISO POR ANTIOQUIA
971,ACUERDO POLÍTICO POR LA DIGNIDAD Y AUTONOMÍA CON AUTORIDADES PROPIAS
972,FIRME CON JUAN A LA GOBERNACIÓN
973,CALDAS INTEGRADO SÍ ES POSIBLE
974,¡QUEREMOS...PODEMOS!
975,CONSTRUYENDO CONFIANZA
976,CALDAS TERRITORIO DE OPORTUNIDADES
977,UNIDAD REGIONAL GUAINÍA
978,PRIMERO LA PAZ Y LOS RISARALDENSES
979,CAMPO PARA TODOS
980,COALICIÓN PROGRAMÁTICA Y POLÍTICA DEL GRUPO SIGNIFICATIVO DE CIUDADANOS
981,VICTOR MANUEL SENTIMIENTO DE TODOS
982,"COALICIÓN PROGRAMÁTICA Y POLÍTICA ENTRE EL PARTIDO LIBERAL - PARTIDOALIANZA SOCIAL INDEPENDIENTE"
983,COALICIÓN PROGRAMÁTICA Y POLÍTICA PARTIDO DE LA U - PARTIDO LIBERAL - AICO
984,TODOS POR CALDAS
985,"""UNIDOS PARA EL PROGRESO DE BOYACÁ"" - CAMBIO RADICAL - ASI"
986,"PROGRAMÁTICA Y POLÍTICA ALIANZA VERDE - PARTIDO DE LA U - PARTIDO CAMBIORADICAL"
987,"COALICIÓN PROGRÁMATICA Y POLÍTICA ENTRE PARTIDO ALIANZA VERDE - PARTIDODE LA U"
988,PACTO POR CUNDINAMARCA
989,JUNTOS POR EL CAUCA
990,SOMOS NARIÑO
991,CAUCA QUE QUEREMOS
992,GANA EL TOLIMA
993,MI GENTE
994,PENSANDO EN GRANDE
995,EL QUINDÍO SÍ TIENE CURA
996,HUMANIZANDO EL DESARROLLO
997,JUNTOS POR MEDELLÍN
998,A PLATO HAGÁMOSLO MÁS GRANDE HAGÁMOSLO MEJOR
999,AGUA DE DIOS PARA TODOS
1000,ALIANZA POR AMOR A APARTADÓ
1001,ALIANZA POR BARRANCABERMEJA
1002,AMO EL RETIRO
1003,AVANCEMOS
1004,AVANZA SINCELEJO
1005,BARRANCABERMEJA EN SERIO
1006,BELALCÁZAR SOMOS TODOS
1007,BELLO POSITIVO
1008,CAMBIO Y UNIDAD SOCIAL ALTERNATIVO
1009,CARTAGENA CON FIRMAS
1010,CHÍA RENACE
1011,CHINÁCOTA DESARROLLO TURÍSTICO
1012,CIRCASIA DECIDE
1013,CIRCASIA UNIDA POR UN CONCEJO FIRME
1014,CIUDADANOS POR EL META
1015,COMPROMISO CÍVICO CIUDADANO
1016,COMPROMISO CON CIÉNAGA
1017,CONFIAZA CANDELARIA
1018,CONSTRUYAMOS CIUDAD
1019,COPACABANA 2020 POR UN MEJOR MUNICIPIO
1020,DE CORAZÓN POR APARTADÓ
1021,DOSQUEBRADAS MEJOR
1022,ENERGÍA VALLENATA
1023,EQUIPO CONFIANZA
1024,FUERZA POPULAR
1025,GANA ALVARADO
1026,GANA LÉRIDA
1027,GANA VENADILLO
1028,GRANADA TIENE QUE CAMBIAR
1029,GUARNE PRIMERO
1030,INTEGRACIÓN CIUDADANA LA CIUDAD QUE QUEREMOS
1031,ITAGÜÍ SOMOS TODOS
1032,LA FAMILIA ES LO PRIMERO
1033,LA ROSITA
1034,LABRANDO CONFIANZA
1035,LÉRIDA CENTRO DE DESARROLLO REGIONAL - FIRMES POR LÉRIDA
1036,MOV. CÍVICO INDEPENDIENTE DE RENOVACIÓN CIUDADANA
1037,MOV. CÍVICO WILLISTA CONTINUEMOS CONSTRUYENDO PROGRESO
1038,MOV. DE INTEGRACIÓN INDÍGENA MUNICIPAL
1039,MOV. PARTICIPATIVO INDEP. YO SOY SUESCA
1040,INTEGRACIÓN CIUDADANA LA CIUDAD QUE QUEREMOS
1041,MOVIDA POR SINCELEJO
1042,MOVILIDAD SEGURA
1043,MOVIMIENTO AMANECER DORADO
1044,MOVIMIENTO CIUDADANO OTRO CAMINO
1045,MOVIMIENTO CÍVICO CIUDAD BELLO
1046,MOVIMIENTO CÍVICO LA VOZ DEL PUEBLO
1047,MOVIMIENTO CÍVICO SUBACHOQUE SEGURO
1048,MOVIMIENTO DE ALTERNATIVA SOCIAL MÁS
1049,MOVIMIENTO JÓVENES ROSALUNOS
1050,MOVIMIENTO JUVENIL - JÓVENES MÁS
1051,MOVIMIENTO PACIFICO DE LA ALTA MONTAÑA
1052,MOVIMIENTO POLÍTICO INDEPENDIENTE SINCÉ CREE
1053,MOVIMIENTO RENOVACIÓN MUNICIPAL
1054,MOVIMIENTO SÍ SOCIEDAD INTEGRAL
1055,MOVIMIENTO SOCIAL DEJANDO HUELLAS
1056,MOVIMIENTO SOCIAL INDEPENDIENTE SÍ
1057,MOVIMIENTO SOMOS YUMBO
1058,MUJERES AL PODER
1059,NUEVA CIUDADANÍA
1060,NUEVA GRANADA
1061,PASIÓN POR ITAGÜÍ
1062,PENSANDO EN GRANDE POR SANTA MARTA
1063,PEREIRA CAMBIA
1064,PIJAO NUEVO
1065,POR EL MUNICIPIO Y SUS GENTES
1066,PUERTO GAITÁN SOMOS TODOS
1067,RECONSTRUYAMOS A FACATATIVÁ
1068,REMEDIOS POSIBLE
1069,RENOVACIÓN
1070,SOS GUATAPÉ
1071,SUBACHOQUE SOMOS TODOS
1072,TENEMOS CON QUÉ!
1073,TODO POR CARTAGENA
1074,TODOS CON TODO POR VILLARRICA
1075,TODOS POR CÚCUTA
1076,TODOS POR VILLA DE LEIVA
1077,TODOS SOMOS RESTREPO
1078,TRABAJEMOS JUNTOS POR FACATATIVÁ
1079,UNIDOS POR BRISEÑO
1080,UNIDOS POR EL CARMEN
1081,UNIDOS POR LA SIERRA
1082,UNIDOS POR SAPUYES
1083,UNIDOS POR SITIONUEVO
1084,UVA EL AVAL DEL PUEBLO
1085,VALLEDUPAR INCLUYENTE
1086,VAMOS
1087,YO SI SOY CUMARAL
1088,YO SOY SABANETA
1089,YONDÓ SIGLO XXI
1090,ZARZAL SOMOS TODOS 2
1091,ZIPAQUIRA NUESTRA
,